,title,smiles,scores
0,6621,CC1=[O+]CC(C(=O)Nc2nccc(-c3cccnc3)n2)CC1,-18.4134
1,6768,CC1CCC(NC(=O)Nc2ccc3c(c2)OCCO3)CS1,-15.6878
2,7116,CC1Cc2ccccc2N(C(=O)c2ccc3c(c2)OCC(=O)N3)C1,-17.1854
3,8345,CCCNC(=O)CN1c2ccccc2S(=O)(=O)c2ccccc21,-23.0261
4,8678,CCN1CCN(C(=O)c2oc3ccccc3c2NC(C)=O)CC1,-19.3029
5,9951,CN(C)C(=O)N1CCCC(c2c[nH]c3ncccc23)C1,-17.5555
6,10539,CN1CCC(C(=O)N2CCc3c(c(-c4ncc[nH]4)nn3C)C2)CC1,-16.5736
7,10976,CN1CCC(NC(=O)c2cccc3ccccc23)CC1,-18.3889
8,11187,CN1CCN(C(=O)CC2CCN(c3ncc4ccccc4n3)CC2)C1,-18.2684
9,12494,COC(=O)c1ccc(NC(=O)Nc2ccc3c(c2)OCO3)cc1,-16.3218
10,16183,Cc1c[nH]c(C2CN(Cc3nc(-c4cccnc4)oc3C)C2)n1,-17.4162
11,16413,Cc1cc(C(=O)N2CCCC2c2cnn([S+])c2)c[nH]1,-16.1828
12,16435,Cc1cc(C(=O)N2CCN(C)CC2)n(-c2ccc(Cl)c(C)c2)n1,-16.8115
13,17296,Cc1cc(NC2CCN(C)CC2)n2nc(-c3ccncc3)nc2c1,-18.2933
14,18658,Cc1ccc(NC(=O)N2CCSCC2)c(-c2n[nH]c(C)n2)c1,-19.4251
15,20536,Cc1csc2ncc(C(=O)NCCN3CCCCCC3[O+])c(=O)n12,-15.9788
16,22421,FCCN1CCN(c2ccc(-c3ccccc3)nn2)CC1,-16.9177
17,2277,C=[P+]1CCC(C(=O)Nc2ccnc(-c3ccncc3)n2)CC1,-16.1123
18,22895,N=C1OCCC1NCc1ccccc1OCc1cscn1,-15.6282
19,23056,NC(=O)Nc1cccc(-c2nnc3n2CCCC3)c1,-17.031
20,24102,O=C(C1CCCN(c2nc3ccc(F)cc3[nH]2)C1)N1CCSCC1,-17.288
21,24737,O=C(CN1CCN(c2ccc3ccccc3n2)CC1)N1CCNCC1,-17.0895
22,24943,O=C(CSc1nc2ccccc2nc1Cl)NC1CC1,-17.265
23,25405,O=C(NC1(C(=O)O)CCSC1)c1ccc2ccccc2n1,-15.3909
24,26398,O=C(Nc1cccc(-n2[nH]c(=O)c3c2CCCC3)c1)C1CC1,-16.4065
25,28427,O=C(c1ccc2c(c1)OCO2)N1CCN(Cc2ccccc2)CC1,-16.2936
26,28442,O=C(c1ccc2c(c1)OCO2)N1Cc2ccccc2CC1CO,-20.0195
27,28812,O=C(c1cnc2ccccc2c1)N1CCC(N2CCC(F)C2)C1,-18.982
28,28816,O=C(c1cnc2ccccc2n1)N1CCC(N2CCCC2=O)CC1,-15.4509
29,29478,O=C1NC(c2cccnc2)=NC1=Cc1ccc2c(c1)OCO2,-17.7582
30,32031,[C+]1CN(c2ccnnc2)CCN1C1CCN(Cc2ccccc2)CC1,-15.6358
31,32293,[C+]N1CCN(c2ccc(NC(=O)CN3CCc4ccccc4C3)cc2)C1,-20.2458
32,32295,[C+]N1CCN1Cc1ccc(NC(=O)CN2CCc3ccccc3C2)cc1,-15.9023
33,33045,N=Cc1ccc(NC(=O)CN2CCc3ccccc3C2)cc1,-18.3145
34,33307,c1ccc(-c2ccc(N3CCN(C4CCOCC4)CC3)nn2)nc1,-17.0124
35,33310,c1ccc(-c2ccc(N3CCN(CC4CCOC4)CC3)nn2)nc1,-15.6681
36,33736,c1nc(-c2ccc3c(c2)OCO3)cc(N2CCCCC2)n1,-16.3343
37,1-960,CN(C)CCCC(=O)Nc1ccc2c(c1)CCCN2C,-16.1878
38,1-993,Cc1ncccc1NC(=O)CN1CCc2ccccc2C1,-17.1705
39,10-7354,O=C(NC1CC1)c1cc(-c2ccon2)nc2ccccc12,-17.1944
40,10-7828,O=C(NC1CC1)c1cc(-c2cnccn2)nc2ccccc12,-16.8934
41,11-502,CC(=O)c1ccc(NS(=O)(=O)c2ccc3c(c2)CNCC3)cc1,-16.0365
42,11-813,CCn1c(CN2CCCC(N(C)C)C2)nc2ccccc2c1=O,-15.497
43,11-1004,c1cnc(-c2nc(CN3CCCCC3)cs2)nc1,-15.7308
44,11-1057,CC(=O)N1CCC(c2nc(-c3cccc(F)c3)no2)CC1,-16.2917
45,11-1108,CN1CCN(C(=O)c2cc(=O)[nH]c3ccccc23)CC1,-16.9981
46,11-1498,CCN1CCC(CNC(=O)c2ccc3n[nH]c(C)c3c2)CC1,-15.709
47,11-1512,CCN1CCN(C(=O)c2cc(-c3ccco3)on2)CC1,-16.5583
48,11-2470,CC1CN(Cc2cc(=O)n(C)c(-c3cccnc3)n2)CC(C)O1,-16.255
49,11-4586,COc1cccc(Nc2nccc(-c3ccncc3)n2)c1,-19.9756
50,11-5330,COc1ccc2c(c1)N(Cc1ccccn1)CCCN2C,-15.4839
51,11-5586,CS(=O)(=O)c1cccc(Nc2nc(-c3ccncc3)cs2)c1,-20.3162
52,11-6418,Cc1ccc(C(=O)NC(C)c2ccc(S(C)(=O)=O)cc2)c(=O)[nH]1,-16.8823
53,11-6946,CC(=O)c1ccc(NC(=O)CN2CCc3ccccc3C2)cc1,-18.9368
54,11-6949,O=C(CN1CCc2ccccc2C1)Nc1ccc2c(c1)OCCO2,-19.6513
55,11-7137,O=C(NCc1ccco1)c1cc(O)c2n(c1=O)CCCC2,-16.8744
56,2-927,CC(NC(=O)Cc1ccccc1)C1COc2ccccc21,-16.7315
57,2-947,O=C(NCc1ccccc1)C1COc2ccccc21,-15.4014
58,11-8152,O=C(CN1CCc2ccccc2C1)Nc1ccccc1O,-17.6188
59,11-8463,Cc1cc(NS(=O)(=O)c2ccccc2)nc(-c2ccccc2)n1,-19.7014
60,11-8664,CS(=O)(=O)c1cccc(Nc2ccnc(-c3ccccc3)n2)c1,-16.0582
61,2-1092,Cc1cccc(-c2cc(C(=O)NCC3CCC3)[nH]n2)c1,-15.3857
62,11-9975,O=C(c1csnn1)N(Cc1cccs1)C1CCS(=O)(=O)C1,-17.7417
63,12-20,O=C(C=Cc1c[nH]c2ccccc12)N1CCOCC1,-16.04
64,12-207,O=C(Cc1nnc(-c2cccs2)o1)N1CCOCC1,-17.285
65,12-526,CC(=O)N1CCN(Cc2nnc(-c3ccsc3)o2)CC1,-15.3826
66,12-541,CCN1CCN(Cc2coc(-c3ccc(F)cc3)n2)CC1,-16.7095
67,12-559,O=C(N1CCC(CN2CCOCC2)CC1)n1nnc2ccccc21,-16.3938
68,12-677,O=C(CN1CCOc2ccc(F)cc21)NCCc1cccs1,-17.4437
69,12-749,Cc1nc(C(=O)NCC2CCCO2)c(-c2ccco2)o1,-17.0441
70,12-823,CC(C)N1CCC(NC(=O)c2cc3ccccc3o2)C1,-16.3566
71,12-897,CCNC(=O)C1CCCN(C(=O)c2ccsc2)CC1,-18.3302
72,12-944,CC1CCCN(Cc2coc(-c3cccnc3)n2)C1,-19.5109
73,12-977,CC1CCCCN1Cc1csc(-c2ccn(C)n2)n1,-15.8667
74,12-998,O=C(NCc1ccn(-c2ccccc2)n1)C1CCCC1,-15.485
75,12-1544,CN1C2CCC1CC(NC(=O)Nc1ccc3snnc3c1)C2,-17.8406
76,12-1860,CN1CCC(NC(=O)Nc2cccc3ncccc23)CC1,-18.9125
77,12-2081,O=C(Cn1nc(-c2ccccc2)oc1=O)N1CCCCC1,-15.9508
78,12-2136,c1cc2nc(N3CCCCC3)nc(N3CCOCC3)c2s1,-17.2
79,12-2217,O=c1ccc(-c2cccs2)nn1CCN1CCCC1,-19.7533
80,12-2232,c1ccc(-c2nc(-c3cc[nH]n3)cc(N3CCCC3)n2)nc1,-16.6004
81,12-2377,O=C(CCc1nnc(-c2cccs2)o1)N1CCCOCC1,-15.8878
82,12-2422,O=C(Cn1nc(-c2ccccc2)sc1=O)N1CCCC1,-16.4131
83,12-2447,O=C(Nc1ccccc1F)N1CCN(c2ccccn2)CC1,-15.3388
84,12-2500,O=C(Nc1ccc2c(c1)OCCO2)C1CCCN1C(=O)c1ccno1,-18.4829
85,12-2501,CN1CCN(C(=O)c2cnc(-c3cccnc3)s2)CC1,-16.753
86,12-2502,O=C(c1cnc(-c2cccnc2)s1)N1CCOCC1,-16.3654
87,12-2544,COc1cccc(NC(=O)C(C)N2CCN(C3CCCCC3)CC2)c1,-16.3369
88,12-2622,CCN1CCN(C(=O)c2oc(C)nc2-c2ccco2)CC1,-15.6648
89,2-1408,O=C(Cc1ccncc1)NC1CCN(C(=O)c2c[nH]ccc2=O)C1,-16.0188
90,2-1428,CNC1CCN(c2cc(C)nc(-c3ccccc3)n2)C1,-20.4213
91,12-2761,O=C(c1csnn1)N1CCCN(c2nccs2)CC1,-16.0035
92,12-2896,NC(=O)c1cccc(CN2CCC(N3CCCCC3)CC2)c1,-18.1288
93,12-2904,CN1CCN(Cc2ccc(-c3ccccc3)o2)CC1,-16.0286
94,12-2911,O=C1CCCCN1Cc1ccnc(-c2ccc(F)cc2)n1,-15.3537
95,12-2912,OC1CCN(Cc2ccnc(-c3ccccc3)n2)CC1,-19.9283
96,12-2924,c1ccc(-c2ncc(CN3CCOCC3)s2)cc1,-16.0854
97,12-2928,CN1CCN(Cc2cnc(-c3cccs3)s2)CC1,-16.0394
98,12-2929,c1csc(-c2ncc(CN3CCOCC3)s2)c1,-15.9447
99,12-2955,c1cc(-c2nc(CN3CCNCC3)cs2)cs1,-15.6745
100,12-3009,CC(=O)N1CCN(Cc2nc(-c3cccs3)no2)CC1,-15.7074
101,12-3070,CN1CCN(c2nc(-c3cccs3)nc3c2CCCC3)CC1,-18.2259
102,12-3146,c1csc(-c2nc(CNCC3CCNCC3)cs2)c1,-17.0267
103,12-3212,c1cc(-c2ncc(CN3CCNCC3)s2)cs1,-19.5069
104,12-3247,NC(=O)c1oc2ccccc2c1NC(=O)CCN1CCOCC1,-17.8758
105,12-3268,O=C(Cn1nnc(-c2cccc(Cl)c2)n1)N1CCSCC1,-17.3444
106,12-3363,Cc1c(C(N)=O)sc2nc3n(c(=O)c12)CCCCC3,-17.2392
107,12-3392,Cc1cc(C(=O)N2CCCN(Cc3ccon3)CC2)no1,-16.2336
108,12-3401,CC(=O)N1CCN(Cc2cccc(-c3ccccc3)n2)CC1,-15.5126
109,12-3408,COC1CCCN(Cc2csc(-c3cnccn3)n2)C1,-17.7489
110,12-3664,CCCN1CCN(C(=O)c2ccn(-c3cc(C)ccn3)n2)CC1,-16.2869
111,12-3739,Cc1cc(CN2CCN(C)CC2)cc(-c2ccc(F)cc2)n1,-17.8946
112,12-4200,O=C(N1CCCCC1)N1CC(c2nc(-c3ccc(F)cc3)no2)C1,-15.6712
113,12-4488,Cc1ccc(NC(=O)C2CCCC2Cn2cncn2)cc1,-16.2925
114,12-4622,O=C(c1cccnc1-n1cccn1)N1CCCCC1,-15.4486
115,12-4635,Cc1ccc(C(=O)N2CCOc3ncccc32)c(O)c1,-16.6501
116,12-4695,Cc1ccc(-c2nc(CN3CCCN(C)C3=O)cs2)o1,-15.5856
117,12-4698,CN1CCN(Cc2coc(-c3ccccc3Cl)n2)CC1,-17.2564
118,12-4746,c1csc(-c2ncc(CN3CCNCC3)s2)c1,-19.7132
119,12-4753,CCN1CCN(Cc2csc(-c3cnccn3)n2)CC1,-15.3041
120,12-5084,Cc1nc2ccccc2n1CCC(=O)NC1CCCC1,-16.3824
121,12-5879,COc1cc(C)cc(OCC2CCN(c3cc(N)ncn3)CC2)c1,-16.4626
122,12-5905,COc1ccc(Nc2cc(-c3cccnc3)ncn2)cc1OC,-15.5042
123,12-5951,O=C(Cc1ccoc1)N1CCc2[nH]nc(-c3ccccn3)c2C1,-16.1757
124,12-6229,CCc1nc(-c2noc(C3CCN(C(C)=O)CC3)n2)cs1,-15.7305
125,12-6327,CC(=O)N1CCN(C(=O)c2coc(-c3cccs3)n2)CC1,-17.1705
126,12-6410,O=C(Nc1nc(-c2ccncc2)cs1)C1CCCC1,-17.7853
127,12-6599,CN1CCN(c2cc(C(F)(F)F)nc(-c3cccnc3)n2)CC1,-16.9793
128,12-6911,COc1cc(F)ccc1NC(=O)c1cn(C)c(=O)c2ccccc12,-15.4327
129,12-6952,CN1CCc2nc(-c3cccnc3)nc(N3CCSCC3)c2C1,-18.7304
130,12-7674,NC(=O)c1cn(-c2ccc(F)cc2F)nc1-c1cccnc1,-16.4874
131,12-7686,CC(=O)N1CCC(c2nc(-c3ccc(F)cc3)no2)CC1,-15.8105
132,12-7729,CCN1CCN(CC(=O)Nc2cc(C)ccc2C)CC1,-15.5012
133,12-8531,O=C(C1CC1)N1CCc2[nH]nc(-c3cccs3)c2C1,-16.9905
134,12-8562,O=C(NCc1cc(-c2cccnc2)no1)N1CCCCC1,-16.4991
135,12-9415,COc1ccc(C(=O)NC(C)CO)nc1-c1ccncc1,-15.4333
136,12-9464,CCc1nc2ccccc2c(=O)n1NC(=O)c1csc(C)n1,-17.5486
137,12-9518,Cc1[nH]nc2sc(C(=O)N3CCC(C)CC3)cc12,-16.9374
138,12-9565,O=C(Nc1nc(-c2cncnc2)cs1)C1CCCCC1,-17.6288
139,12-9700,CN1CCCN(C(=O)c2cn(-c3ccc(F)cc3)nn2)CC1,-15.8887
140,12-9821,CN1CCN(C(=O)c2nnc(-c3cccnc3)s2)CC1,-18.1902
141,12-9884,CCNC(=O)C1CCCN(C(=O)c2csnn2)CC1,-18.3262
142,13-311,Cc1csc(-c2[nH]nc3c2CN(C(=O)C2CC2)CC3)n1,-16.494
143,13-436,CNc1cccc(CN2CCN(Cc3ccccc3)C(CCO)C2)n1,-17.0099
144,13-966,CC1CCN(c2ccnc(-c3cccnc3)n2)CC1,-16.2519
145,13-1086,c1coc(CN2CCC(Nc3ncc4ccccc4n3)CC2)c1,-17.0578
146,2-2638,O=C(CN(C(=O)c1ccccc1)c1cccc(F)c1)NC1CC1,-15.4998
147,13-1273,O=C(NC1CCS(=O)(=O)C1)c1ccn(-c2ccccc2Cl)n1,-16.4826
148,13-1303,Cc1ccc(-c2nc(CNC3CCS(=O)(=O)C3)cs2)s1,-18.3751
149,13-1448,CN(Cc1ccnc(-c2ccncc2)n1)C1CCS(=O)(=O)CC1,-17.1725
150,13-1546,O=C(NC1CCCC(n2cnnn2)C1)c1cccnc1,-15.366
151,13-1806,CNC(=O)C1CCCN(c2cc(-c3cccs3)ncn2)CC1,-16.5739
152,13-1828,O=C(Nc1nc2c(s1)CCCC2)c1cccnc1,-15.6788
153,1-1264,COc1cccc(CC(=O)NC2CCc3ccccc3C2)c1,-16.3752
154,13-2176,CN1CCN(Cc2csc(NC(=O)c3ccncc3)n2)CC1,-16.077
155,13-2178,CN1CCN(Cc2ccc(-c3ccccc3F)o2)CC1,-15.8244
156,13-2181,CN1CCN(Cc2cc3nc(-c4cccnc4)[nH]c3s2)CC1,-16.5553
157,13-2299,Cc1nn(-c2ccccc2)cc1CN1CCC(N(C)C)CC1,-15.3787
158,13-2308,CN1CCN(Cc2coc(-c3ccc(Cl)cc3)n2)CC1,-16.0432
159,13-2311,Cc1nc(CN2CCC(NC(=O)c3cccnc3)C2)cs1,-15.4746
160,13-2379,Cc1nc(N2CCN(S(C)(=O)=O)CC2)c2sccc2n1,-17.9736
161,13-2443,c1nc(N2CCC(Cc3c[nH]cn3)CC2)c2ccsc2n1,-21.887
162,13-2504,O=C(c1c[nH]nn1)N1CCN(c2cccc(Cl)c2)CC1,-15.8259
163,13-2530,Cc1cc(C(=O)N2CCCN(c3cnccn3)CC2)sn1,-15.3179
164,13-2549,OCC1CCN(c2ccnc(-c3cccnc3)n2)CC1,-16.6788
165,13-2802,c1coc(CN2CCc3[nH]nc(-c4ccncc4)c3C2)c1,-16.9402
166,13-3381,O=C(Nc1cccnc1)c1ccnc(NC2CCCCC2)c1,-15.8654
167,13-3669,CC(=O)Nc1cc(CN(C)C)cc(NC(=O)c2cccnc2)c1,-16.6024
168,13-3670,O=C(Nc1cccnc1)c1csc(-c2ccccn2)n1,-19.4115
169,13-3882,NC(=O)c1ccc(NC(=O)C2CCCN(Cc3ccncc3)C2)cc1,-17.9363
170,13-3991,c1cncc(OCC2CCN(c3cnccn3)CC2)c1,-15.567
171,13-4149,CS(=O)(=O)CCCn1ccnc1-c1ccc(Cl)cc1,-16.9242
172,13-4171,Cc1oc(-c2cccc(Cl)c2)nc1CS(C)(=O)=O,-15.3361
173,13-4268,O=S(=O)(NCc1cscn1)c1ccc2scnc2c1,-15.9146
174,13-4331,Cn1c(C(=O)NCc2cccs2)cc(=O)c2cc(F)ccc21,-16.7014
175,13-4996,CC(=O)NC(C)(C)C(=O)Nc1nc(-c2ccc(F)cc2)cs1,-18.2738
176,13-5077,c1cncc(-c2nc3c(c(N4CCOCC4)n2)CCC3)c1,-17.9192
177,13-5102,Cc1ccc(-c2ncc(-c3nc(C(N)=O)cs3)o2)cc1,-15.4149
178,13-5255,CC(=O)Nc1ccc(-n2ccc(-c3cccnc3)n2)cc1,-17.2696
179,2-3099,CN1CCCC(C(=O)NC(=O)c2ccccc2-c2ccccc2)C1,-18.3656
180,13-5880,Cc1cc(C2CCCN(C(=O)c3cnccn3)C2)[nH]n1,-18.3875
181,13-5882,Cc1nccc(C2CCCN(Cc3c[nH]cn3)C2)n1,-15.7348
182,13-6655,N#Cc1cccc(NC(=O)Nc2ccc(Cl)cn2)c1,-18.3515
183,13-6784,O=C(Nc1cccnc1)Nc1cccnc1N1CCCC1,-18.2
184,2-3250,Cc1nocc1C(=O)N(C)C1CCCN(Cc2ccon2)C1,-18.3151
185,2-3312,CC(=O)N1CCCC(NC(=O)c2cc(C)nc3ccccc23)C1,-18.7813
186,13-7786,COc1ccc(S(=O)(=O)Nc2n[nH]c(=O)cc2C)cc1OC,-15.8257
187,13-7988,Cc1cc(Cl)ccc1NC(=O)CN1CCN(C)CC1,-15.3866
188,13-7992,Clc1ccccc1Cn1cc(CNc2ccccn2)nn1,-16.1766
189,13-8082,O=C(Nc1ccc2c(c1)CCC2)Nc1nncs1,-17.8617
190,13-8501,O=C(c1nc[nH]n1)N1CCCC(c2cccc(=O)[nH]2)C1,-16.5235
191,13-8710,CCNC(=O)c1cc(-c2ccc(O)c(Br)c2)[nH]n1,-16.9366
192,13-8891,CCn1c(CN2CCN(C)CC2)nc2ccc(F)cc21,-16.4235
193,13-8900,CN(C)CCNC(=O)c1ccc2ccc(Cl)cc2n1,-15.9939
194,13-9210,O=C(Nc1cccnc1)NC1CCc2ncnn2C1,-16.4531
195,13-9467,Cc1cccc(-n2nc(C)n(Cc3ccccc3CO)c2=O)c1,-16.5737
196,13-9795,O=C(NCC1CCCO1)c1cncc(Br)c1,-15.3183
197,14-122,Cc1cc(C(=O)NCC2CCCO2)n(-c2ccccc2)n1,-15.5581
198,14-196,Cc1nc(CC(=O)Nc2cccnc2Cl)cs1,-17.668
199,14-245,NC(=O)CCC(=O)Nc1nc(-c2ccncc2)cs1,-17.4305
200,2-3605,Cc1ncccc1NC(=O)CN1CCCN(Cc2ccccc2)CC1,-16.0305
201,14-315,CC(C)C(=O)Nc1nc(-c2ccc(F)cc2)cs1,-16.4453
202,14-427,O=C(Nc1cccc(-c2cn3cccnc3n2)c1)C1CC1,-15.7866
203,14-440,O=C(NCCc1csc(-c2cnccn2)n1)C1CC1,-15.7026
204,14-942,CN1CCN(CC(=O)Nc2c(C(N)=O)oc3ccccc23)CC1,-16.5443
205,14-1456,CNC(=O)C1CCCN(c2ncnc3nc(C)ccc23)C1,-17.6322
206,14-1591,CC(=O)N1CCC(c2n[nH]c(-c3ccc(Cl)cc3)n2)CC1,-16.7702
207,14-1648,CNC(=O)C1CCCN(Cc2nc(-c3ccc(F)cc3)oc2C)C1,-18.5904
208,14-1973,CN1CCN(c2nc(-c3ccncc3)nc3c2CCCC3)CC1,-18.3887
209,14-2311,CCC(=O)N1CCc2onc(-c3ccsc3)c2C1,-16.3267
210,14-2390,O=C(c1ccon1)N1CCCN(Cc2ccon2)CC1,-17.6882
211,14-2474,CN1CCCN(Cc2cc(-c3cccs3)no2)CC1,-15.5306
212,14-2478,CN1CCCN(Cc2csc(-c3ccncn3)n2)CC1,-15.9393
213,14-2578,CN1CCN(Cc2coc(-c3cc(F)ccc3F)n2)CC1,-15.9781
214,14-2580,Cc1ccc(-c2nc(CN3CCN(C)C(C)C3)co2)cc1,-15.7119
215,14-2581,CN1CCN(Cc2coc(-c3ccc(F)cc3)n2)CC1,-15.9085
216,14-2596,O=C(c1cccnc1)N1CCCN(Cc2ccon2)CC1,-16.4606
217,14-2674,NC(=O)c1c(NC(=O)c2cccs2)sc2c1CCNCC2,-15.9074
218,14-2815,CCNC(=O)C1CCCN(c2nc3ccccc3[nH]c2=O)C1,-16.2663
219,2-3858,O=C1c2[nH]cnc2CCN1Cc1cc(-c2ccccc2)no1,-16.2425
220,14-3020,Cc1c(CN2CCN(C)CC2)cnn1-c1ccccn1,-16.6372
221,14-3429,O=S(=O)(Nc1nc(-c2ccncc2)cs1)c1cccs1,-16.2038
222,14-3510,O=C(Cc1cccs1)NCCC(=O)N1CCc2ccc(O)cc2C1,-15.5168
223,14-3755,CN1CCN(C(=O)Nc2ccccc2)Cc2cccnc21,-15.517
224,14-4264,O=C(Nc1nc(-c2ccc(F)cc2)cs1)C1CC1,-18.1844
225,14-4365,CNC(=O)C1CCCN(Cc2coc(-c3cccc(F)c3)n2)C1,-18.6073
226,14-4597,Cn1c(CC(=O)Nc2ccc(F)c(F)c2)cc(=O)n(C)c1=O,-15.7278
227,14-4951,O=C(COc1ccccc1)Nc1nc(-c2ccncc2)cs1,-15.42
228,14-5533,CN1CCC(N(C)Cc2cn(C)nc2-c2ccsc2)C1,-15.6025
229,14-5660,COc1ccccc1-c1nnn(CC(=O)N2CCOCC2)n1,-15.8139
230,14-6083,NC(=O)c1cnc(Nc2ccc(N3CCOCC3)cc2)nc1,-15.6161
231,14-6887,O=C(NCC1CCCO1)c1cc(Cl)c2[nH]cnc2c1,-16.6307
232,14-7092,CNC(=O)C1Cc2ccccc2CN1CC(=O)N1CCN(C)CC1,-19.1789
233,14-7318,CN1CCN(Cc2ccc(-c3ccccn3)o2)CC1,-15.9347
234,14-7439,O=C(Cn1nnc(-c2ccccc2)n1)N1CCCCC1,-15.4567
235,2-4292,O=C(Nc1ccccc1)C1CN(C(=O)c2ccco2)C1,-15.8361
236,14-7576,CNC(=O)c1ccc(-c2cccc(-c3cnco3)c2)nc1,-18.0557
237,14-7642,NC(=O)c1ccc(-c2ccc(CN3CCOCC3)cc2)nc1,-17.0776
238,14-7693,Cc1ccc(C(=O)NCc2ccnc(-c3cccnc3)c2)nc1,-15.5617
239,14-8734,O=C(Nc1nc(-c2cccc(F)c2)cs1)C1CC1,-17.562
240,14-8780,Cc1c(Cl)cccc1NC(=O)CN1CCN(C)CC1,-15.7664
241,14-8795,NS(=O)(=O)c1ccsc1C(=O)Nc1ccc(Cl)cc1,-15.5045
242,14-9354,COc1ccc(NC(=O)c2cccc(-n3ccnc3)c2)cn1,-16.2404
243,2-4430,CCC(=O)N1CCN(Cc2c[nH]c(-c3ccccc3)n2)CC1,-16.4864
244,14-9839,CCOc1ccccc1-c1nnc(CN2CCCC2=O)o1,-15.5614
245,15-161,CN1CCN(Cc2nc(-c3cccnc3)no2)CC1,-16.2303
246,2-4598,Cc1ncc(COc2ccccc2)c(N2CCCC2)n1,-15.632
247,15-423,CC1CN(c2nc(-c3ccncc3)nc3c2CCC3)CCN1C,-18.8914
248,15-444,Cn1cc(CN2CCCC2COc2ccc(Cl)cn2)cn1,-17.2814
249,15-949,Oc1cccc(N2CCN(Cc3ccncc3)CC2)c1,-16.2434
250,15-1082,O=C(Cc1ccccn1)N1CCCc2ccccc21,-15.6933
251,15-1210,Cc1c(C(=O)N2CCN(C)CC2)oc2ccc(Cl)cc12,-16.3682
252,15-1214,CN1CCN(Cc2ccnc(-c3cccnc3)n2)CC1,-19.4633
253,15-1499,COc1ccc(C(=O)NCc2ccnc(=O)[nH]2)cc1OC,-16.2366
254,15-1640,O=C1CC(C(=O)Nc2ccccc2N2CCOCC2)c2ccccc21,-15.734
255,15-1642,COc1ccc(CC(=O)Nc2ccc(OC)cc2OC)cc1,-16.7449
256,15-2043,O=C1CCN(Cc2cccnc2)CC1Cc1ccccc1,-15.6837
257,15-2063,Cc1cccc(NC(=O)Nc2ccc(S(=O)(=O)N(C)C)cc2)c1,-17.6896
258,15-2975,Oc1cccc(-c2csc(N3CCOCC3)n2)c1,-16.6143
259,15-3781,Cc1ccc(NC(=O)CNC(=O)Cc2ccccc2)cc1C,-16.0568
260,15-3919,Cc1ccn2c(C(=O)NCc3cccnc3)c(C)nc2c1,-16.3106
261,15-4671,Cc1cc(C(=O)Nc2ccccc2N2CCOCC2)no1,-15.7518
262,15-5598,CCN1CCN(c2cc(-c3ccnc4[nH]ccc34)ncn2)CC1,-17.2
263,15-5864,CN1CCN(c2ncnc3sc4c(c23)CCCC4)CC1,-16.8946
264,15-5968,CN1CCN(c2nc3cc(Br)ccc3[nH]2)CC1,-16.3423
265,15-6435,Fc1ccc(CCNc2ccnc(-c3ccccn3)n2)cc1,-19.814
266,15-8262,O=C(c1ccc(O)c(O)c1)N1CCN(Cc2ccccc2)CC1,-15.9813
267,2-5507,CN1CCC(N(C)Cc2nnc(-c3cccnc3)o2)CC1,-15.9724
268,15-9580,NC(=O)c1ccnc2c1cnn2Cc1cccc(Cl)c1F,-16.3059
269,15-9602,CC(C)N1CCC(c2nc(-c3cccnc3)no2)CC1,-16.5952
270,16-181,O=C(CSc1nnc(Nc2ccccc2)s1)N1CCOCC1,-16.0978
271,16-223,O=C(Cc1ccc(Cl)cc1)NCc1cc(=O)c(O)c[nH]1,-15.39
272,16-772,Cc1ccccc1-c1nc(CN2CCN(C)CC2)co1,-16.1641
273,16-839,OCCN1CCN(Cc2ccc(O)c3ncccc23)CC1,-15.9698
274,16-908,CCC(=O)N1CCN(c2ccnc3cc(Cl)ccc23)CC1,-16.5647
275,16-978,O=C(c1cc(Cl)c(O)cc1O)N1CCN(C2CCCC2)CC1,-17.8797
276,16-1094,CCN1CCN(Cc2coc(-c3ccccc3)n2)CC1,-16.1971
277,16-1105,CCN1CCN(CCCc2nc3ccccc3[nH]2)CC1,-15.3789
278,16-1634,O=C(CN1C(=O)COc2ccccc21)NCc1cccs1,-16.0108
279,16-2100,O=C(CN1CCOCC1)NC1=NS(=O)(=O)c2ccccc21,-20.3476
280,16-2105,Cc1ccc(C(=O)NC2=NS(=O)(=O)c3ccccc32)cc1,-22.1341
281,16-2800,O=c1cc(CN2CCCC(O)C2)nc(-c2ccccn2)[nH]1,-18.6128
282,16-2878,O=c1[nH]c(-c2cccnc2)nc2c1cnn2CC1CCCCC1,-18.8001
283,16-3003,NC(=O)c1ccc(NC(=O)Nc2ccc3c(c2)OCCO3)cc1,-19.0976
284,2-5907,O=C(NC1CC1c1ccccc1)c1ccccc1O,-17.6203
285,16-3927,Oc1cccc(CN2CCN(c3ncccn3)CC2)c1,-16.4232
286,16-5803,CC(=O)c1oc2ccccc2c1NC(=O)CN1CCN(C)CC1,-15.7663
287,16-5808,CC1CCN(C(=O)Cn2c(=O)oc3ccccc32)CC1,-15.4631
288,2-6128,CN1CCCN(C(=O)c2cc(-c3ccc(F)cc3)on2)CC1,-16.3981
289,16-5839,CN1CCc2c(sc(NC(=O)Nc3ccccc3)c2C(N)=O)C1,-17.1434
290,16-5912,COc1ccccc1CCC(=O)N1CCc2ccncc2C1,-15.8117
291,16-5990,NCC1CCN(c2ncnc3sc4c(c23)CCCC4)CC1,-17.1738
292,16-7085,CS(=O)(=O)c1ccc(Cc2nc3ccccc3[nH]2)cc1,-15.8494
293,16-7088,CCS(=O)(=O)c1cc(C)ccc1Nc1ncnc2ccccc12,-17.0367
294,16-7501,Cc1c(C(N)=O)csc1S(=O)(=O)c1cccc(Cl)c1,-15.4493
295,16-7562,Cc1cc(=O)oc2ccc(NC(=O)CN(C)C)cc12,-16.0409
296,16-7567,O=S(=O)(c1cccc2ccccc12)N1CCOCC1,-15.831
297,16-7672,COc1cccc(NS(=O)(=O)c2ccc(C(N)=O)cc2)c1,-16.3591
298,16-7711,COc1ccc(CC(=O)Nc2ccc(C(N)=O)cc2)cc1,-18.2712
299,16-7923,Cc1ccc(Cl)cc1NC(=O)CNCc1ccncc1,-15.329
300,16-8645,O=C(CN1CCc2cccc(Br)c2C1)NC1CCCC1,-16.0944
301,16-9181,O=S(=O)(c1cncc(-c2ccccc2)c1)N1CCCC1,-15.753
302,16-9271,O=C(CN1C(=O)COc2ccccc21)NCc1ccccc1Cl,-16.0949
303,16-9738,Cc1ccc(NC(=O)CSc2ncc(C(N)=O)cc2Cl)cc1,-19.8023
304,16-9812,CSCCC(=O)Nc1nc(-c2ccccn2)cs1,-16.0911
305,18-960,CN1CCCN(c2nnc(-n3cccc3)s2)CC1,-16.7723
306,18-1817,COc1cccc(C(=O)N2CCOc3ccccc32)c1,-15.5982
307,18-1857,Cc1cncc(C(=O)Nc2ccc(CN3CCN(C)CC3)cc2)c1,-19.204
308,18-1861,CN1CCN(Cc2coc(-c3ccccc3)n2)CC1,-15.3698
309,18-1948,CN1CCn2nc(CNC(=O)Cc3cccc(O)c3)cc2C1,-15.3191
310,18-2007,Cc1ccccc1NC(=O)CN1CCN(Cc2ccccc2)CC1,-15.5481
311,18-2623,Oc1cccc(CN2CCN(c3cnccn3)CC2)c1,-15.4869
312,18-3738,Cc1ccccc1C(=O)Nc1cccnc1C(N)=O,-16.8483
313,18-3939,NCc1ccc(N2CCN(Cc3ccccc3)CC2)nc1,-16.3327
314,18-4403,Cc1cncc(C(=O)Nc2cc(C)ccc2N2CCN(C)CC2)c1,-15.403
315,18-4587,CC(=O)Nc1cccc(NC(=O)c2cccs2)c1,-15.8307
316,18-5317,c1ccc2c(N3CCOCC3)nc(N3CCOCC3)nc2c1,-15.444
317,18-5471,CN1CCN(Cc2cc(=O)[nH]c3ccccc23)CC1,-16.6642
318,18-5696,O=C1CN(C(=O)c2ccccc2F)c2ccccc2N1,-15.5847
319,18-5912,Cc1oc(-c2ccccc2)nc1CN1CCN(C)CC1,-16.5332
320,18-6221,O=C(Nc1ccc(Cl)cc1)c1cc(Cl)c[nH]c1=O,-15.8014
321,18-6646,COc1cc(C)cc(NS(=O)(=O)c2cccs2)c1,-16.1454
322,18-7428,Cc1ccc(NS(=O)(=O)c2cccc3nsnc23)cc1,-15.4252
323,2-7185,O=C(Cn1nc(-c2ccccc2)ccc1=O)Nc1ccccc1,-15.5794
324,18-8281,CN(C)CCNc1cccc2c1C(=O)c1ccccc1C2=O,-17.4016
325,18-8919,CN1CCN(c2nc(N3CCCCC3)c3ccccc3n2)CC1,-16.7798
326,2-7333,Cc1ccc(CCC(=O)NC2CCc3[nH]ncc3C2)cn1,-17.1945
327,18-9097,O=C1CN(C(=O)c2ccccc2)c2ccccc2N1,-19.0793
328,1-1700,Cc1c(C(=O)NC2CCCNC2=O)oc2ccccc12,-15.9218
329,2-7358,CNc1nc(N(C)CCc2ccccc2)c2ccccc2n1,-15.9202
330,19-339,CN(C)CCNC(=O)Nc1ccccc1-n1cccc1,-15.5974
331,19-749,O=C(Cc1cccc2[nH]c(-c3ccccn3)nc12)N1CCCC1,-15.33
332,19-817,Cc1cc(NCCc2ccccc2)nc(-c2ccccn2)n1,-20.2312
333,19-935,Cc1ccc(C(=O)Nc2ccc3c(c2)C(=O)NC3=O)cc1,-15.486
334,19-985,CC1CC(NC(=O)c2ccccc2)CN(Cc2ccncc2)C1,-16.1359
335,19-1015,Cc1ccc(C)c(NC(=O)CN2CCCC(CO)C2)c1,-17.6007
336,19-1397,c1ccc(CN2CCCC(NCc3cccnc3)C2)cc1,-16.8126
337,19-1436,NC(=O)CN1CCCC(c2nc(Cc3ccccc3)no2)C1,-16.3617
338,19-1582,O=C1CCCCN1Cc1nc(-c2cccnc2)no1,-16.7373
339,19-1627,Cc1nccc(C2CCCN(Cc3cccnc3)C2)n1,-16.272
340,19-1773,Cc1nc(-c2ccncc2)n(CCCN2CCCC2)n1,-16.0914
341,19-2108,O=C(c1ccccn1)N1CCC(c2nccnc2N2CCOCC2)C1,-17.7107
342,19-2418,CN1CCN(Cc2cccc(NC(=O)c3ccccc3)c2)CC1,-15.7693
343,19-2599,NC(=O)C1CCCN(c2cccc(-c3ccccn3)n2)C1,-17.8389
344,19-2701,CC(=O)NC1Cc2ccccc2N(C(=O)c2ccccc2)C1,-21.142
345,19-2934,CN1CCC(NCc2ccc3cc(F)ccc3n2)CC1,-16.4347
346,19-2935,CN1CCC(NCc2ccc3ccccc3n2)CC1,-16.1076
347,19-3075,Cc1cnc(NC(=O)Cc2coc(-c3ccccc3)n2)s1,-17.3483
348,19-3268,NC(=O)c1cnn2c1CN(Cc1cccc(Cl)c1)CC2,-16.3456
349,19-3396,c1cncc(-c2csc(NCCN3CCOCC3)n2)c1,-19.8967
350,19-3435,CNC(=O)c1c(C)c(N2CCCC2)nc2ccccc12,-15.7881
351,19-3541,NC(=O)c1ccccc1NC(=O)c1ccccc1F,-16.6256
352,19-3633,CC(=O)Nc1nc2c(s1)CCN(C(=O)c1ccccc1)C2,-16.0352
353,19-3752,Oc1cccc(CNC2CCN(Cc3ccccc3)C2)c1,-18.0417
354,19-4144,COc1ccc(C(=O)Nc2ccc(N3CCNCC3)cc2)cc1O,-15.3208
355,19-5032,Cc1cccc(-c2nsc(N3CCN(C4CCOCC4)CC3)n2)c1,-18.8702
356,19-5101,Cc1oc(-c2ccsc2)nc1CN1CCN(C)CC1,-15.8093
357,19-5104,Cc1ccc(-c2nc(CN3CCN(C)CC3)c(C)o2)o1,-15.2988
358,19-5493,NC(=O)c1cc(N2CCCCC2)nc(-c2ccccc2)n1,-16.5154
359,19-5538,CCCN1CCN(c2ccnc3cc(F)ccc23)CC1,-15.7432
360,19-6374,CN1CCN(c2cc(-c3ccc(O)cc3)ncn2)CC1,-16.469
361,19-6430,CC(=O)N1CCCC(c2nc(-c3ccncc3)cs2)C1,-17.562
362,19-6615,CC(=O)Nc1ccccc1NC(=O)c1cccc(CN(C)C)c1,-15.4088
363,19-6815,c1ccc2nc(CN3CCCN4CCCC4C3)cnc2c1,-17.406
364,19-7162,CC(=O)Nc1ccc(C)c(NC(=O)c2ccc(O)cc2)c1,-16.9979
365,19-7461,O=C1CN(C(=O)Cc2ccc(Cl)cc2)c2ccccc2N1,-19.5691
366,19-7462,O=C1CN(C(=O)c2cccs2)c2ccccc2N1,-19.7682
367,19-7472,O=c1c2ccccc2c2c(n1CCN1CCOCC1)CCCCC2,-15.5877
368,19-7612,Cc1ccnc(NCc2csc(-c3ccccc3)n2)n1,-17.4433
369,19-7709,CC(=O)Nc1ccccc1NC(=O)c1ccc(C)o1,-18.4197
370,19-7748,NC(=O)c1ccc(CN2CCN(c3ccccc3)CC2)cc1O,-16.3273
371,19-7989,O=C1CN(C(=O)c2ccccc2Cl)c2ccccc2N1,-15.5457
372,19-8058,Cc1cccc(-c2csc(NC(=O)C3CC3)n2)c1,-18.9631
373,19-8122,c1ccc(-c2nc(CNC3CCc4ncnn4C3)cs2)cc1,-16.8794
374,19-8701,CC1C(=O)NCCN1Cc1coc(-c2ccccc2)n1,-15.542
375,19-8779,CCN1CCN(c2nnc(-c3ccccc3)s2)CC1,-18.8182
376,19-9169,NC(=O)c1cnc2ccccc2c1N1CCCCC1,-16.1471
377,19-9172,CCN1CCN(c2nc(C)nc3ccccc23)CC1,-16.6199
378,19-9234,CN1CCC(N2CCN(c3ccc4ccccc4n3)CC2)CC1,-17.1297
379,20-189,O=C(NC1CCCCCC1)c1cc2nnsc2[nH]c1=O,-17.6852
380,20-427,Cc1ccc(Nc2ccc(C(=O)N3CCN(C)CC3)cn2)cc1,-16.3744
381,20-677,O=C(c1cccnc1)N1CCCN(c2ncccn2)CC1,-15.5307
382,20-678,O=C(c1cncnc1)N1CCCN(c2ncccn2)CC1,-16.2724
383,20-1130,NC(=O)C1CCN(Cc2c[nH]nc2-c2ccccc2)CC1,-16.2276
384,20-2260,CN(C)c1ccc(Nc2nccc(-c3ccccn3)n2)cc1,-16.7898
385,2-8855,COc1ccc(NC(=O)c2nn(C)c3ccccc23)cc1,-15.6079
386,20-4936,NC(=O)c1cn(Cc2ccccc2F)c2ccc(Cl)cc2c1=O,-15.7788
387,20-5140,O=C(Cn1nc2c(cc1=O)CCc1ccccc1-2)Nc1ccccc1,-17.7628
388,20-5495,c1ccc2c(N3CCOCC3)nc(N3CCCC3)nc2c1,-16.7835
389,20-5610,O=C(Cn1nnc2ccccc21)NCc1ccc(Cl)cc1,-15.8503
390,20-6718,CC(C(=O)Nc1cccnc1)c1ccc2c(c1)OCCCO2,-16.1713
391,2-9127,O=c1ccc(-c2ccccc2)nn1CCNC1CC1,-17.5529
392,20-8227,O=C(CNC1CCCCCC1)Nc1nc2ccccc2s1,-19.4498
393,20-8677,O=C(CN1CCCCC1)Nc1nc2ccccc2s1,-19.808
394,20-9138,COCCN1CCCC(c2n[nH]c(-c3ccccc3)n2)C1,-17.8259
395,1-210,O=C(CN1CCOc2ccccc21)N1CCC(c2ccncc2)CC1,-16.6696
396,3-127,CCCCC(=O)Nc1nc(-c2ccncc2)cs1,-15.6949
397,3-195,O=C1CN(C(=O)CCc2ccco2)c2ccccc2N1,-16.408
398,3-212,CN1CCN(Cc2coc(-c3cccc(O)c3)n2)CC1,-17.0437
399,3-444,CC1CCN(C(=O)Cn2nnc(-c3ccccc3)n2)CC1,-15.9426
400,3-667,O=C(Cn1nc(-c2ccccc2)ccc1=O)NC1CCCCC1,-16.3645
401,3-669,Cc1cc(N2CCC(NCc3cccc(O)c3)CC2)ncn1,-18.0841
402,3-725,O=C(CN1CCCC1)Nc1cc(-c2ccncc2)cn2ccnc12,-20.8177
403,3-765,Cc1ccccc1N1CCN(CC2COc3ccccc3O2)CC1,-15.8981
404,3-1320,CC(=O)NCCC(=O)Nc1cccnc1-c1cccnc1,-19.5324
405,3-1338,CN(C)C(=O)C1CCN(Cc2cc(-c3cccnc3)no2)CC1,-16.1911
406,3-1369,CN1CCN(C(=O)CNC2CCOc3ccccc32)CC1,-20.2298
407,3-1812,NC(=O)c1ccc2nc(C3CCN(Cc4ccccc4)C3)oc2c1,-16.0765
408,3-1846,O=C(NCC1CCCCC1)c1nc(-c2cccnc2)c[nH]1,-18.0457
409,3-1876,NS(=O)(=O)c1ccsc1C(=O)NCc1cccs1,-16.4496
410,1-2184,c1ccc(-c2n[nH]c(C3CCN(Cc4cocn4)C3)n2)cc1,-18.5312
411,1-2193,O=C(c1oc(-c2ccccc2)nc1CN1CCCC1)N1CCC1,-16.3357
412,1-2196,CN1CCC2CN(Cc3nnc(-c4ccccc4)o3)CC2C1,-18.8639
413,3-2352,OC1CCN(Cc2cnn(-c3ccccc3)c2)CC1,-16.0467
414,3-2353,Cc1oc(-c2ccc(F)cc2)nc1CN1CCC(O)CC1,-17.0922
415,3-2787,OCC1CCCN(Cc2cccc(-c3ccccc3)n2)C1,-16.1148
416,1-2207,CC(=O)Nc1ccccc1-c1cc(C(=O)N2CCN(C)CC2)no1,-18.4559
417,3-3666,N=C1NC(=O)C(=Cc2ccc(-c3cccnc3)o2)S1,-16.2978
418,3-3929,CN(c1nnc(-c2cccnc2)s1)C1CCCC1,-15.7034
419,3-4745,O=C(C1CCCO1)N1CCN(c2nc3ccccc3s2)CC1,-16.3902
420,3-5860,Cc1ccc(-c2csc(NC(=O)C3CCN(C)CC3)n2)cc1,-17.7673
421,3-6066,NC(=O)c1cc(Cc2ccccc2)nc(-c2cccs2)n1,-18.7372
422,3-6139,CN1CCCN(C(=O)c2coc(-c3ccccc3)c2)CC1,-17.919
423,3-6215,Cc1ccccc1NC(=O)N(C)C1CCN(C)CC1,-16.1091
424,3-7077,CN1CCc2cc(C(=O)Nc3cccnc3)ccc2C1,-16.1363
425,3-7631,Cc1ccc(-c2ccccc2NC(=O)N2CC(N)C2)cc1,-15.6966
426,3-7697,O=C(C=Cc1ccc(F)cc1)NCCc1ccc(O)cc1,-16.4046
427,3-7709,CN(Cc1ccccc1)c1cc(=O)[nH]c(-c2ccncc2)n1,-15.3952
428,3-8035,O=C(NCc1ccccc1)NCC1COc2ccccc2C1,-15.9078
429,3-8060,CS(=O)(=O)Nc1cccc(-c2cnc3ccccc3n2)c1,-20.6704
430,1-2790,Cc1ccc(C)c(-c2noc(N3CCC(C(N)=O)CC3)n2)c1,-17.304
431,3-9156,CN1CCN(C(=O)c2ccc(O)c(-c3ccccc3)c2)CC1,-19.3279
432,3-9258,O=C(Nn1c(-c2ccccc2)nc2ccccc2c1=O)C1CC1,-20.4327
433,1-2865,Cc1ccc(NC(=O)C2CC2C)c(-c2nc(C)no2)c1,-19.6868
434,3-9743,CC(=O)N1CCCC(c2nc(-c3cccnc3)no2)C1,-17.7323
435,3-9974,CCc1nnc(NC(=O)C=Cc2ccc(O)c(OC)c2)s1,-15.9403
436,4-91,Cn1c(C(=O)Nc2cccc(Cl)c2)nn(-c2ccccc2)c1=O,-15.507
437,4-283,CNC(=O)c1ccc(CN2CC(=O)Nc3ccccc32)cc1,-16.6842
438,1-2983,C(=Cc1cc(N2CCOCC2)ccn1)c1cccnc1,-15.6672
439,4-510,c1ccc(CN2CCC3CN(Cc4cccnc4)CC3C2)nc1,-17.0446
440,4-852,O=C(C1CCCN(c2nc3ccccc3o2)C1)N1CCCC1,-17.2716
441,4-1066,COc1cccc(NC(=O)CN2CCc3c(F)cccc3C2)c1,-16.7517
442,4-1458,CC1CCCN(CCC(=O)Nc2nc3ccccc3s2)C1,-18.0783
443,4-1904,CNC(=O)C1CCCN(c2cc(-c3ccccc3)nc(C)n2)C1,-17.1517
444,4-1943,NC(=O)C1CCCN1C(=O)CCn1ccc(-c2ccncc2)n1,-16.7422
445,4-2084,Cc1nc(C)c(NC(=O)C=Cc2ccccc2)cc1N,-16.2396
446,1-3143,Cc1oc(-c2ccsc2)nc1CN1CCCN(C)CC1,-16.4489
447,1-3172,CCN1C(=O)CCC1C(=O)NCc1csc(-c2cnccn2)n1,-18.2476
448,4-2323,O=C(Nc1cc(-c2ccccc2)nc(-c2ccncc2)n1)C1CC1,-16.0369
449,4-2982,Cn1cc(-c2ccccc2)nc(C(=O)Nc2cccnc2)c1=O,-16.1868
450,4-3036,CN1CCC(N(C)Cc2nnc(-c3ccccc3)o2)C1,-17.1785
451,4-3053,CC(=O)N1CCN(Cc2coc(-c3ccccc3)n2)CC1,-16.3772
452,4-3602,CC(=O)N1CCN(c2nnc(Cc3cccc(C)c3)c(C)c2C)CC1,-16.9715
453,4-4004,Cc1nc(-c2cccc(NC(=O)C3Cc4ccccc4O3)c2)no1,-17.0652
454,4-4259,Cc1ccc(CN(C)C(=O)c2cc(=O)[nH]c3ccoc23)cc1,-15.3318
455,1-3406,O=C(Cc1ccccn1)Nc1ccc2c(c1)NC(=O)CC2,-18.2836
456,4-5505,O=c1ccc(-c2ccccc2)nn1CCCN1CCCCC1,-16.4797
457,4-5743,Cc1cc(C)cc(NC(=O)Cn2nnc3ccccc3c2=O)c1,-15.8702
458,1-3541,CN(C)c1cc2[nH]ncc2cc1NC(=O)C1CCCOC1,-16.69
459,1-3545,Cn1nnnc1-c1cccc(NC(=O)C2Cc3ccccc3C2)c1,-22.1668
460,4-6621,CN1CCC(C(=O)Nc2ccc3ccccc3c2)C1,-16.5352
461,1-3620,O=C(Nc1cncc(-c2cncs2)c1)N1CCN(C2CC2)CC1,-17.0918
462,4-8496,c1ccc(-c2noc(CNC3CCc4ccccc43)n2)nc1,-15.5615
463,4-8969,c1ccc(-c2cccc(CNC3CCc4ncnn4C3)n2)cc1,-17.3491
464,4-9794,CC(=O)N1CCC(c2nc(-c3cccnc3)cs2)CC1,-16.6128
465,4-9937,CCN1CCC2(CCN(C(=O)Nc3coc4ccccc34)C2)C1=O,-16.8034
466,5-164,Cc1cncc(-c2cc(C(=O)NC3CCOCC3)[nH]n2)c1,-16.2128
467,5-406,c1ccc(CN2CCC(Nc3ncnc4ccccc34)C2)cc1,-16.2773
468,5-570,Cc1ccccc1-c1nc(CC2CCN(C)CC2)no1,-18.6738
469,5-802,CN1CCC(NC(=O)c2nc3ccccc3nc2N2CCCC2)C1,-20.2625
470,5-1414,CC(=O)N1CCN(Cc2noc(-c3ccccc3F)n2)CC1,-15.9507
471,5-1422,CC(=O)NC1CCN(c2ccc(-c3ccco3)nn2)C1,-17.1992
472,5-2186,Cc1cc(NCCc2cccs2)nc(-c2cccnc2)n1,-18.1149
473,5-3216,NC(=O)CCC(=O)N1CCc2c([nH]c(=O)c3ccccc23)C1,-18.8609
474,5-4414,CC1CCN(C(=O)c2coc(-c3cnccn3)n2)CC1,-15.5814
475,5-4421,CC(=O)N1CCC(c2nc(-c3ccccc3)c[nH]2)CC1,-16.434
476,1-4577,Oc1cccc(-c2ccc(N3CCCCC3)nn2)c1,-15.5531
477,5-6699,O=C(NC1CC1)c1cc(-c2cnco2)nc2ccccc12,-16.8879
478,5-6940,CC(C)C(CO)NCc1cccc(-c2ccccc2)n1,-15.3092
479,1-516,CC1CCN(Cc2nc(-c3cccnc3)no2)CC1,-16.6494
480,5-7114,NCc1ccc(C(=O)N2CCc3ccccc32)cc1,-16.6422
481,5-8208,COCC(C)NCc1cncc(N2CCc3sccc3C2)n1,-15.348
482,5-8563,O=C(c1cnc(-c2ccccn2)c2c1CCCC2)N1CCOCC1,-15.679
483,5-9992,Cn1cc(NC(=O)c2ccccn2)c(-c2cccs2)n1,-18.6488
484,6-396,O=C(c1ccc(O)c(Cl)c1)N1CCCN(Cc2cccnc2)CC1,-17.3486
485,6-687,CN1CCN(c2nc(-c3ccc(F)cc3)nc3c2CCCC3)CC1,-18.3264
486,6-778,O=C(NN1CCOCC1)c1ccc(=O)n(-c2ccccc2)n1,-17.4431
487,6-1463,CN1CCN(c2nc(-c3ccccc3)ns2)CC1,-15.4251
488,6-1719,CC(NC(=O)c1cc(O)cc(Cl)c1)c1cccnc1,-17.2913
489,6-1720,CC(NC(=O)c1ccn(-c2ccccn2)n1)c1cccs1,-15.3885
490,6-1876,Cc1cc(N2CCCN(c3cnccn3)CC2)nc(C)n1,-15.3672
491,6-2163,CN1CC(NC(=O)c2cn[nH]c2-c2ccc(F)cc2)C1,-16.4492
492,6-2166,Cn1cc(CN2CCCC(N)C2)c(-c2ccc(F)cc2)n1,-16.3441
493,6-2319,O=C(N1CCCC1)N1CCN(c2ncnc3sccc23)CC1,-19.9667
494,6-3452,Cc1ccc(NC2=NS(=O)(=O)c3ccccc32)cc1,-20.6395
495,6-3551,CN1CCC(NC(=O)c2cc3cccnc3c(-c3ccoc3)n2)C1,-17.0553
496,6-3639,CC1(NC(=O)c2cc(-c3ccccn3)nc3ccccc23)COC1,-19.155
497,6-3641,CN1CCC(NC(=O)c2cc(-c3ccccn3)nc3ccccc23)C1,-20.6027
498,6-3660,CN1CC(NC(=O)c2cc(-c3cccnc3)nc3ccccc23)C1,-20.1244
499,6-3704,CN1CCC(NC(=O)c2cc(-c3cccnc3)nc3ccccc23)C1,-20.835
500,6-4028,O=C(Nc1ccc(-c2cccnc2)nc1)c1cc(F)ccn1,-15.8844
501,6-4251,CN(C)C1CCN(C(=O)c2ccc3cccnc3c2)CC1,-16.0123
502,6-4487,O=C(CN1CCCNCC1)Nc1ccccc1-c1ccc(F)cc1,-17.0911
503,6-4818,CN1CCc2cc(NC(=O)Cc3ccccc3)ccc2C1,-15.9153
504,6-5082,CN1CC(NC(=O)c2cc(-c3ccccn3)nc3ccccc23)C1,-20.5171
505,6-5088,O=C(NC1CC1)c1cc(-c2ncco2)nc2ccccc12,-17.5479
506,6-5106,CN1CC(NC(=O)c2cc(-c3nccs3)nc3ccccc23)C1,-20.3243
507,6-5272,CN1CC(NC(=O)c2cc(-c3ccco3)nc3ccccc23)C1,-20.3952
508,6-5283,CN1CC(NC(=O)c2cc(-c3ccon3)nc3ccccc23)C1,-19.5041
509,6-5328,CN1CC(NC(=O)c2cc(-c3ncco3)nc3ccccc23)C1,-21.5275
510,6-5333,CN1CC(NC(=O)c2cc(-c3cscn3)nc3ccccc23)C1,-20.7789
511,6-5360,CN1CC(NC(=O)c2cc(-c3ccsn3)nc3ccccc23)C1,-20.0258
512,6-5696,O=C(Cc1ccccc1)Nc1ncncc1-c1ccncc1,-15.7459
513,6-6378,CN1CC(NC(=O)c2cc(-c3cocn3)nc3ccccc23)C1,-19.6305
514,6-6682,O=C(NC1CC1)c1cc(-c2cocn2)nc2ccccc12,-16.9364
515,6-6701,O=C(Nc1c(-c2cscn2)nc2ccccn12)C1CC1,-20.1502
516,1-5716,CC(c1nc2ccccc2[nH]1)N1CC(Oc2cccnc2)C1,-16.4546
517,6-6735,CNC(=O)c1cc(N2CCCC2)nc2ccccc12,-16.0681
518,6-6778,Cc1cccc(NC(=O)CCn2c(=O)oc3ccccc32)c1,-17.3905
519,6-7272,CC1CN(c2cc(N)nc(N3CCc4ccccc4C3)n2)CC(C)O1,-20.1673
520,6-7462,Cc1nc2ccccc2c(=O)n1NC(=O)Cc1ccc(Cl)cc1,-15.8295
521,6-7490,CN1CCCN(CC(=O)c2c(C#N)cnc3ccccc23)CC1,-19.3068
522,6-7652,CNCC1CCCN(c2cnc3ccccc3n2)C1,-19.6827
523,6-7692,CC1CCCN(CC(=O)Nc2nc(-c3ccccc3)cs2)C1,-19.4341
524,6-8277,CN1CCN(CC(=O)Nc2ccccc2-c2cscn2)CC1,-17.9265
525,6-8555,CN1CCC(NC(=O)c2cc(-c3cocn3)nc3ccccc23)C1,-20.1801
526,6-8560,Cc1ccc(-c2cc(C(=O)NC3CN(C)C3)c3ccccc3n2)o1,-19.8178
527,6-8791,O=C(Nc1cccnc1)c1csc(-c2ccncc2)n1,-18.2875
528,6-9052,O=C(Nc1cccnc1)c1csc(-c2cccnc2)n1,-18.6535
529,6-9093,O=C(CO)N1CCCC(c2nc(-c3ccsc3)no2)C1,-17.1107
530,6-9409,Cc1cc(CN2CCC(c3nc4ccccc4[nH]3)C2)on1,-15.6759
531,1-5965,O=C(CN1C(=O)NC2(CCCC2)C1=O)Nc1ccc2ccccc2c1,-15.463
532,6-9484,CN1CC(NC(=O)c2cc(-c3ccncc3)nc3ccccc23)C1,-19.8131
533,6-9519,CS(=O)(=O)NC1CCN(c2nc3ccccc3s2)CC1,-15.7756
534,6-9755,CC1CN(Cc2nnc(-c3cccc(F)c3)o2)CCN1,-19.5288
535,6-9899,CN1CCC(C(=O)Nc2ccccc2-c2ccno2)CC1,-21.0301
536,6-9966,CN1CCN(C(=O)COc2nc3ccccc3s2)CC1,-16.3356
537,7-23,CC(C)C(C)(C)NC(=O)Cn1nc(-c2ccc(F)cc2)ccc1=O,-15.8373
538,7-93,COc1ccccc1CNC(=O)N1CCOc2ccccc21,-16.6287
539,7-241,c1cc(-c2nnc(C3CCN(CC4CC4)C3)o2)ccn1,-17.5238
540,7-278,CN1CCN(Cc2cc(-c3cccnc3)no2)CC1,-16.9736
541,7-365,Cn1cccc(NC(=O)CN2CCc3ccccc3C2)c1=O,-19.6692
542,7-726,CN1CCC(C(=O)Nc2nc3ccc(F)cc3s2)CC1,-17.1784
543,7-777,CN1CCC(NC(=O)c2ccc3nccn3c2)CC1,-19.0217
544,7-823,CCc1nc(-c2cccc(O)c2)oc1C(=O)N1CCN(C)CC1,-16.7172
545,7-829,CN1CCc2cccc(NC(=O)c3ccncc3)c2CC1,-17.0272
546,7-891,CCN1CCCC1C(=O)Nc1ccc(OC)c(-c2cnco2)c1,-16.582
547,7-943,CS(=O)(=O)Nc1ccccc1CNC(=O)C1COc2ccccc21,-15.9918
548,7-1450,CN1CCN(Cc2cccc(-c3[nH]nc4ncccc34)c2)CC1,-15.6329
549,7-1524,CCc1oc(-c2ccccc2)nc1CC(=O)N1CCCN(C)CC1,-16.2871
550,7-1528,CN1CCC(CNCc2coc(-c3ccccc3)n2)C1,-15.522
551,7-1532,CCN1CCN(Cc2csc(-c3ccccc3)n2)CC1,-17.4123
552,7-2088,CCC(=O)Nc1cccc(-n2c(=O)c(C)nc3cccnc32)c1,-17.9741
553,7-2136,Cn1cc(NC(=O)c2ccccc2)c(-c2cccnc2)n1,-15.7352
554,7-2206,Cc1cc(C(=O)NCc2cccnc2)c2ccccc2n1,-16.3731
555,7-2255,Cc1ccc(NC(=O)Cc2csc(NC(=O)C3CC3)n2)cc1C,-15.4224
556,7-2267,Cc1cnc(NC(=O)N2CCN(Cc3cccs3)CC2)s1,-16.4203
557,7-2627,Cn1cc2c(n1)CCC(NCc1ncc(-c3ccccc3)o1)C2,-16.2021
558,7-2761,CN1CCC(C(=O)Nc2cc(Cl)cc(-n3cnnn3)c2)CC1,-18.1304
559,7-3097,Cc1csc(=O)n1CC(=O)Nc1ccc2c(c1)CCC2,-16.4135
560,7-3165,Cc1ccccc1NC(=O)Cn1nc(-c2ccccc2)ccc1=O,-16.4518
561,7-3392,c1ccc(CN2CCc3[nH]nc(-c4cccnc4)c3C2)nc1,-17.8659
562,7-3466,O=C(CN1CCc2ccccc2C1)Nc1cccnc1,-18.4687
563,7-3604,O=C(NC1CC1)c1cc(-c2cccnc2)nc2c1CCC2,-16.8545
564,7-3824,CNC1CCN(C(=O)c2nc3ccccc3s2)C1,-17.1611
565,1-6549,CC1CCN(C(=O)CSc2ccc(-c3ccncc3)nn2)CC1,-16.639
566,7-4123,O=S(=O)(Nc1nc(-c2ccncc2)cs1)c1ccccc1,-16.446
567,7-4347,O=c1ccc(-c2ccccc2)nn1Cc1cccc(O)c1,-16.788
568,7-4592,O=c1cc(CN2CCCCC2)nc2cc(-c3ccccc3)[nH]n12,-16.8991
569,7-4599,Cc1nn(C)cc1C(=O)Nc1cncc(Br)c1,-15.9442
570,7-4894,CN1CCCC(C(=O)Nc2ccc3ccncc3c2)CC1,-16.885
571,1-6641,CC1CN(C(=O)c2cc(-c3cccs3)on2)CCO1,-15.9731
572,7-5532,CN1CC(C(=O)Nc2ccc(-c3onc4ccccc34)cc2)C1,-15.3713
573,7-5905,c1csc(-c2ccc(CN3CCCOCC3)cn2)n1,-16.93
574,7-7895,O=C(Nc1ncnc2ccccc12)c1cccc(CN2CCCC2)c1,-16.6527
575,7-8530,CN1CCN(C(=O)Nc2ccccc2-c2nccs2)CC1,-16.02
576,7-8945,CN1CCC(N(C(=O)Cc2ccc(N)cc2)c2ccccc2)C1,-17.598
577,7-8962,CN1CCN(C(=O)Nc2cccnc2-c2cccs2)CC1,-15.3519
578,7-8993,CC1CCN(c2ccc(-c3cccnc3)nn2)CC1,-19.8698
579,7-9112,CC1CN(Cc2coc(-c3ccncc3)n2)CC(C)O1,-15.5629
580,7-9616,c1cc(-c2ncn(CCCN3CCCC3)n2)ccn1,-17.7093
581,8-615,Cc1cc(C(=O)N2CCCC(c3ncc[nH]3)C2)no1,-17.288
582,8-728,CN1CCCN(CCNC(=O)c2cc3ccccc3o2)CC1,-16.0178
583,8-761,Cc1cccc2c(C(=O)NC3CN(C)C3)cc(-c3cccnc3)nc12,-17.9145
584,8-3008,O=C(NC1CCC2CCN2C1)c1cc2ccccc2o1,-16.0573
585,1-7466,COc1cccc(-c2csc(NC(=O)C3CCC3)n2)c1,-17.125
586,1-7471,Cn1cc(C(=O)NCC2CCCO2)c(-c2ccco2)n1,-16.4359
587,8-3543,CC(=O)N1CCN(Cc2coc(-c3ccccc3F)n2)CC1,-16.0139
588,1-7560,CN1CCOC(C(=O)Nc2nc(-c3ccccc3)cs2)C1,-18.9648
589,1-7568,CN1CCN(C(=O)c2ccc(-c3ccccc3)nc2)CC1,-15.4481
590,1-7574,O=C(C1CC1)N1CCN(c2ccc(-c3ccccc3)nn2)CC1,-16.087
591,8-4352,CN1CCC(NC(=O)c2cc(-c3ncco3)nc3ccccc23)C1,-21.0816
592,8-4892,CNC(=O)Cn1cc(-c2nc(C)c(C)o2)c2ccccc21,-17.5376
593,8-4918,Cc1ccc2nc(-c3ccco3)cc(C(=O)NC3CN(C)C3)c2c1,-17.5089
594,8-5816,Cc1ccnc(NCc2csc(-c3cccnc3)n2)n1,-16.8551
595,1-7761,CN1CCOC(C)(C(=O)Nc2cccc(-c3cc[nH]n3)c2)C1,-15.5509
596,8-6772,O=c1ccc(-c2nc(CN3CCCCC3)nc3ccccc23)c[nH]1,-16.7138
597,8-7107,CN1CCC(NC(=O)c2cc(-c3ccco3)nc3ccccc23)C1,-21.1076
598,8-7131,CN1CCC(NC(=O)c2cc(-c3ccon3)nc3ccccc23)C1,-19.9035
599,1-7811,Cc1noc(-c2ccccc2NC(=O)C2CCN(C3CC3)CC2)n1,-16.5163
600,1-7848,CC1CCCCN1CC(=O)Nc1cccc(-c2ncon2)c1,-18.6666
601,8-7851,CN1CC(NC(=O)c2cc(-c3ccccc3)nc3ccccc23)C1,-20.3292
602,8-7852,CN1CC(NC(=O)c2cc(-c3ccccc3)nc3ncccc23)C1,-20.7408
603,8-7980,O=C1CN(C(=O)CNc2ccc(F)cc2)c2ccccc2N1,-15.8541
604,1-7979,CN1CCC(CC(=O)Nc2cccc(-c3ccno3)c2)C1,-17.5949
605,8-9362,CCNC(=O)N1CCc2c(nc(Cl)nc2-c2ccco2)C1,-18.8685
606,9-412,CCNC(=O)c1cnn(-c2ccccc2)c1-n1ccc(C)n1,-15.3848
607,9-581,CN1CCC(NC(=O)c2ccc3ccccc3n2)CC1,-18.8091
608,9-2360,CC1(NC(=O)c2cc(-c3ncccn3)nc3ccccc23)CC1,-20.68
609,9-2398,O=C(NC1CCOC1)c1cc(-c2cscn2)nc2ccccc12,-19.8649
610,9-3000,Cc1cc(CNC2CCCN(c3cccnn3)C2)no1,-18.8117
611,9-5154,CC1(NC(=O)c2cc(-c3cnccn3)nc3ccccc23)CC1,-17.5038
612,1-8709,CN1CCOC(C(=O)Nc2ccccc2-c2nccs2)C1,-18.7732
613,1-8712,O=C1CN(CC(=O)Nc2ccccc2-c2ncon2)CCN1,-15.5138
614,1-8732,Cc1nc(-c2ccccc2NC(=O)C2CCN(C)C2)no1,-18.6642
615,1-8742,Cc1cnc2n1CCN(CC(=O)Nc1ccccc1)C2,-16.095
616,9-5857,CCN1CCN(c2nc(-c3cc[nH]n3)nc3ccccc23)CC1,-19.0135
617,9-6581,Cc1cc(N2CCN(C3CCN(C)CC3)CC2)nc2ccccc12,-18.0575
618,1-8872,CCc1cccc(C)c1NC(=O)CN1CC(=O)Nc2ccccc21,-16.6918
619,1-8917,Cc1cc(C(=O)NCC(=O)N2CCOCC2)c2ccccc2n1,-16.9535
620,1-8928,CN(C)C(=O)CN1CCC(NCc2ccnc3ccccc23)CC1,-17.8099
621,1-8934,CCn1cc(NC(=O)C2CC2C)c2ccccc2c1=O,-17.5428
622,9-7960,O=C(NC1CCC1)c1cc(-c2cocn2)nc2ncccc12,-16.7657
623,9-8192,Cn1cc(-c2cc(C(=O)NC3CC3)c3ccsc3n2)cn1,-16.8497
624,9-8556,O=C(NC1CCC1)c1cc(-c2ccncn2)nc2ccccc12,-18.4266
625,9-9468,Oc1ccccc1CN1CCc2c(ncnc2-c2ccncc2)C1,-15.4418
626,1-9416,c1cc(-c2nc(CNC3CCOC3)cs2)cs1,-15.8074
627,1-9469,NC(=O)C1CCN(C(=O)c2ccnc(-c3ccccn3)c2)CC1,-17.6506
