key,input,ra_score
DARLOWVFKFGABZ-UHFFFAOYSA-N,COc1ccc(-c2ccc(NC(=O)[C-]Cl)cc2)cc1O,0.9968631
OLRJNMGLSGKEMS-UHFFFAOYSA-N,CN1CSC(C(=O)Nc2ccc(-c3ccc4ccccc4c3)cc2)C1,0.98541856
HUHUCPDYRRROQM-UHFFFAOYSA-N,CN1CCC(C(=O)Nc2ccc(-c3ccnpc3)cc2)CC1,0.9985366
GZYRQBBVGGJZLW-UHFFFAOYSA-N,CC(=O)NC1=CC=C(S(=O)(=O)NCc2ccc3c(c2)OCO3)C1C,0.9941485
SENGUSYWMLKTCM-UHFFFAOYSA-N,[B+]=C(NNc1ccc(OC)c(Br)c1)C1CCN(C)CC1,0.9876379
GBPIGDRSUVMHJF-UHFFFAOYSA-N,CC(C)C(=NO)Nc1cccc(-c2csc3ccccc23)c1,0.9403289
VAKDEFDUWGFZIH-UHFFFAOYSA-O,CN1CCC(C(=O)Nc2cccc(C3=CCC=[N+]=C3)c2)CC1,0.9878615
XRVPXMRQOOHGEK-UHFFFAOYSA-N,CC(=O)Nc1ccc(S(=O)(=O)c2ccc3c(c2)OCO3)cc1,0.988509
WYAVAJKUSUFHEQ-UHFFFAOYSA-N,C[C-]CC(C)C(=O)Nc1ccc(-c2csc3ccccc23)cc1,0.9942159
HTQVCFDCSGYBSQ-UHFFFAOYSA-N,CN(C)CNc1ccc(NC(=O)CN2CCc3ccccc3C2)cc1,0.99756265
KJFFIKFRJIGQTG-UHFFFAOYSA-N,c1ccc2c(-c3ccc(N4CCNCC4)cc3)csc2c1,0.994389
QIJWJVZJAXUYIE-UHFFFAOYSA-N,CN1CCC(C(Nc2cccc(-c3ccccc3)c2)=[S+]=O)CC1,0.9829168
NXQGHBODKVZBIY-UHFFFAOYSA-N,C[P-]([P+])[P+]c1ccc(S(=O)(=O)NCc2ccc3c(c2)OCO3)cc1,0.99711454
PBSUVRLGBPIKLG-UHFFFAOYSA-N,COc1ccc(NC(=O)C2CC=BCC2)cc1Br,0.9956944
OCVGJPDQNSYDGY-UHFFFAOYSA-N,CN1CC[S-](C(=O)Nc2ccc(-c3ccncc3)cc2)CC1,0.98003525
FHDGICHRFIDBEG-UHFFFAOYSA-N,CC(C)Nc1ccc(-c2cccnc2)cc1,0.99396
YLRSGSWAKMGZQH-UHFFFAOYSA-N,COc1ccc(NC(=O)C2C[C+]N(C)NC2)cc1Br,0.99468464
FLDAMGSVJXQXNC-UHFFFAOYSA-M,O=C(Nc1cccc(-c2csc3ccccc23)c1)C(=[P+])[S-],0.997531
JRYQLHFNEKRYBW-UHFFFAOYSA-N,CN1C=[P-]C(C(=O)Nc2ccccc2-c2ccc3ccccc3c2)CC1,0.98088914
HFUFCTXIDKZCPK-UHFFFAOYSA-N,CN1CCC(C(=O)Nc2ccc3c(c2)C[C-]3)CC1,0.9986413
JVTYAPBJXIPQDY-UHFFFAOYSA-O,C[B+]c1ccc(-c2ccc(NC(=O)C(C)C)cc2)cc1O,0.99699056
HUFIYRBTBZOOPA-UHFFFAOYSA-O,CN1CC[P+](N)(c2ccc(NC(=O)CN3CCc4ccccc4C3)cc2)CC1,0.98944
JWCLQUAVARBANN-UHFFFAOYSA-O,CN1CCC(C(=O)Nc2cc#[p+]c(-c3ccccc3)c2)CC1,0.9951593
FTBKYAJPEJMTFG-UHFFFAOYSA-N,CN1CCC(C(=O)Nc2ccc(-c3ccncc3)cc2[P+])CC1,0.96470594
QMIWVURXCIHQLT-UHFFFAOYSA-N,CN1CC[SH](C(=O)Nc2ccccc2-c2ccc3ccccc3c2)CC1,0.9945275
QZKUYSFPNUGOGD-UHFFFAOYSA-N,CN1CCC(C(=O)Nc2cccc(-c3ccccc3)c2)C[P+]1,0.99630094
FZMUMXMDRZXDTF-UHFFFAOYSA-N,C[S+]CC(=O)Nc1ccc(-c2csc3ccccc23)cc1,0.9971656
UYPWGLCXOFAPRW-UHFFFAOYSA-N,c1cncc(Oc2ccc(-c3ccc(N4CCOCC4)cc3)cc2)c1,0.9967025
TVORCYUGUNEXOK-UHFFFAOYSA-M,COc1ccc(-c2ccc(NC(=O)C(C)C)cc2[S-])cc1O,0.990875
SYGMPKUZVZYARU-UHFFFAOYSA-N,CC(C)C(=O)Nc1ccc(-c2ccc([P-])c(O)c2)cc1,0.99730325
YRMPRHALXYGGHF-UHFFFAOYSA-N,CC(=O)Nc1ccc(S(=O)[O+]NCc2ccc3c(c2)OCO3)cc1,0.97700876
XDRDRPCRXCIUON-UHFFFAOYSA-N,CN1CCC(C(=O)Nc2ccccc2-c2ccc3c(S)cccc3c2)CC1,0.992008
CYPYOOQULIIWRT-UHFFFAOYSA-N,O=C(CN1CCc2ccccc2C1)Nc1ccc(N2CCCCC2[P+])cc1,0.9970927
VXDMJPOMQFUIET-UHFFFAOYSA-N,[N-]=Cc1ccc(NC(=O)CN2CCc3ccccc3C2)cc1,0.9950334
LUIHMEMRUKYDDJ-UHFFFAOYSA-N,C=Cc1ccc(S(=O)(=O)NCc2ccc3c(c2)OCO3)cc1,0.9961499
KSZIVLWAVWRYQE-UHFFFAOYSA-N,O=CNc1ccc(S(=O)(=O)NCc2ccc3c(c2)OCO3)cc1,0.9908291
GNUFVXFMUWZLEZ-UHFFFAOYSA-N,CN1CCN(c2ccc(NC(=O)CN3CCC4=CC4C3)cc2)CC1,0.9722692
NNTYDSUACNKWKV-UHFFFAOYSA-N,COc1ccc(-c2ccc(NC(=O)[P-](C)Cl)cc2)cc1O,0.99775165
JXOGQJTYOVBZIM-UHFFFAOYSA-N,COc1ccc(NC(=O)C2CC2C)cc1Br,0.9944455
YHHIRLDUYWECSQ-UHFFFAOYSA-N,[C-][SH](=O)(NCc1ccc2c(c1)OCO2)c1ccc(NC(C)=O)cc1,0.99684936
XLECZFSIPYQLAS-UHFFFAOYSA-N,B[N+]=C1CN(C)CCC1C(=O)Nc1ccc(-c2ccncc2)cc1,0.99531674
IASJOFUNEMLTQH-UHFFFAOYSA-O,C=C1C=[P+](C)C(c2ccc3ccccc3c2)=C1NC(=O)C1CCN(C)CC1,0.99459416
AOPMXUAPOKSSAO-UHFFFAOYSA-O,CN=[P+](C)C(=O)Nc1ccc(-c2cccnc2)cc1,0.972061
NKZSMGSVRRMLFV-UHFFFAOYSA-N,CN1CCN(c2ccc(NC(=O)CN3CCC4=CCC=C4C3)cc2)C1,0.99684745
GSLSWUSYDUSBGN-UHFFFAOYSA-O,CC1=C[P+](c2cccc(NC(=O)C3CCN(C)CC3)c2)=C1,0.9950658
UZSLAZOFSIBQRT-UHFFFAOYSA-N,CC(C)C(=O)N[C-]c1ccc(-c2csc3ccccc23)cc1,0.98671806
QPAPJSLSKCEYPQ-UHFFFAOYSA-N,B(c1ccc(-c2ccc(Oc3ccccc3)cc2)cc1)N1CCOCC1,0.99339396
SAXSCNHEUMEVJJ-UHFFFAOYSA-N,CN1CCN(c2ccc(NC(=O)CN3CCc4ccccc4[O+]3)cc2)CC1,0.998754
ALZDDGYEFCRNEV-UHFFFAOYSA-N,CN1CCN(c2ccc(NC(=O)CN3CCc4ccccc4C3)cc2)C=[SH]1,0.99780387
JTXRIXZVMZBIGN-UHFFFAOYSA-O,C=C1[P-]=[P+](C)C(c2ccc3ccccc3c2)=C1NC(=O)C1CCN(C)CC1,0.98825026
AAJCELVDWVPZCX-UHFFFAOYSA-N,O=C(CN1CCCc2ccccc2C1)Nc1ccc(N2CCNCC2)cc1,0.9947089
PUIWPHOQVOHISA-UHFFFAOYSA-N,[C-][P+]12=C(S(=O)(=O)NCc3ccc4c(c3)OCO4)C1C=C2NC(C)=O,0.602105
FKJGGXIHHVPMAW-UHFFFAOYSA-N,CC=Cc1cc(-c2ccc(NC(=O)C3CCN(C)CC3)cc2)ccc1C,0.9968443
PLYVBJOWKNGLDU-UHFFFAOYSA-N,CC(=O)Nc1ccc([C+]S(=O)(=O)NCc2ccc3c(c2)OCO3)cc1,0.9967719
OQCYVPHDMDMUEI-UHFFFAOYSA-N,COc1ccc(-c2ccc(NC(=O)[S-](C)[S-])cc2)cc1O,0.9963595
ICWVNMILNZWXTH-UHFFFAOYSA-O,CN1CCC(C(=O)Nc2ccccc2-c2c[o+]c3ccccc3c2)CC1,0.9975908
UWDHYAFOKOBSPH-UHFFFAOYSA-N,COc1ccc(-c2ccc(N3CCCCCC3)cc2)cc1,0.99580234
GPFXUOUPPNHPRQ-UHFFFAOYSA-N,O=CCc1ccc(S(=O)(=O)NCc2ccc3c(c2)OCO3)cc1,0.9964474
SRJNDERRKZULAN-UHFFFAOYSA-N,CC(C)C(=O)Nc1cccc(-c2csc3c2[SH]=[O+]3)c1,0.9964373
ZJGITWAFBKEQOT-UHFFFAOYSA-N,CN1CCC(C(=O)Nc2cccc(C3=NC=CC3)c2)CC1,0.9967257
XXDAZRBYRAMFSM-UHFFFAOYSA-N,BN1CCC(C(=O)Nc2cccc(-c3ccccc3)c2)C1,0.9980269
MJWLLGGXPWDPJS-UHFFFAOYSA-N,[C-]=CN1CCN(c2ccc(-c3ccc(Oc4ccccc4)cc3)cc2)C1,0.9430498
GNNSZUBQPUIRFT-UHFFFAOYSA-N,[B+](Cc1ccc(N2CCOCC2)cc1)c1ccc(Oc2ccccc2)cc1,0.99367934
IIZMAABOPJVXCV-UHFFFAOYSA-N,CN1CCN(c2ccc(NC(=O)CN3CC=CCC3)cc2)CC1,0.9985814
IYJCGCIZVNHHBB-UHFFFAOYSA-N,c1ccc(Oc2ccc3cc(N4CCOCC4)cc-3cc2)cc1,0.99657404
QGTJJVPDPXPBHH-UHFFFAOYSA-N,CN1CCB(C(=O)Nc2cccc(-c3ccccc3)c2)CC1,0.9979614
NJVPQKMQOOOVKP-UHFFFAOYSA-O,C[P+](#[O+])C(=O)Nc1ccc(-c2cccnc2)cc1,0.9983182
COLZUZSHQQHQPL-UHFFFAOYSA-N,CN1CCC(C(=O)[B+]Nc2ccccc2-c2ccc3ccccc3c2)C1,0.98161465
KDGKNUPUQNAQOM-UHFFFAOYSA-N,CPc1ccc(-c2ccc(NC(=O)C(C)C)cc2)cc1O,0.99757427
ATHVVXNIPPDRHM-UHFFFAOYSA-N,CC1CC(C(=O)Nc2ccccc2-c2ccc3ccccc3c2)CN1,0.9818543
KJDQEDHJAUXFCN-UHFFFAOYSA-N,C1=CC(Oc2ccccc2)=[N+]C=C1c1ccc(N2CCOCC2)cc1,0.95253706
BGVHAHPEMXFLJH-UHFFFAOYSA-N,CC[P+]C(=O)Nc1ccc(-c2cccnc2)cc1,0.9976961
MDAUSJKKAXCCCA-UHFFFAOYSA-N,[N-]=CC(=O)Nc1ccc(-c2csc3ccccc23)cc1,0.99734926
HVVMWXLJBKVVER-UHFFFAOYSA-N,CC(=O)Nc1ccc(S(=O)(=O)NCc2[c-]c3c(cc2)OCO3)cc1,0.98784304
RCFLROKYWNGMGC-UHFFFAOYSA-N,CN1CCN(c2ccc(NC(=O)C[P+]3CCc4ccccc4C3)cc2)CC1,0.99886936
ARMCBOWEEAAUCL-UHFFFAOYSA-N,CN1CC(C(=O)Nc2cccc(-c3ccccc3)c2)C[P+]1,0.9868701
DRRDIDRPYRYVBK-UHFFFAOYSA-O,CN1CCC(C(=O)Nc2ccccc2-c2c[o+]c3ccc([O+])cc3c2)CC1,0.99087745
WZQFMOXTDOYTAR-UHFFFAOYSA-N,[C+]=CONc1ccc(S(=O)(=O)NCc2ccc3c(c2)OCO3)cc1,0.983201
IGGQVDHYIQKQTL-UHFFFAOYSA-N,CN1CCN(c2ccc(NC(=O)CSN3CCc4ccccc4C3)cc2)CC1,0.9979171
CSFUANZAGMISNP-UHFFFAOYSA-N,CN1CCC([S-]C(=O)Nc2cccc(-c3ccccc3)c2)CC1,0.99674594
KZILGYZYCSWZJK-UHFFFAOYSA-N,[B+]c1ccc(-c2ccc(NC(=O)C(C)C)cc2)cn1,0.99761885
RBPUACZOMGJSJK-UHFFFAOYSA-N,Cc1ccc(NC(=O)C2CCN(C)[N+]2)cc1,0.99493045
MCXFONBSDYMBEU-UHFFFAOYSA-O,CN1CC[C+](C(=O)Nc2cccc(-c3ccccc3)c2)CC1,0.9976057
XJCBBATXSOFMBM-UHFFFAOYSA-N,CC(=O)[P+]c1ccc(S(=O)(=O)NCc2ccc3c(c2)OCO3)cc1,0.9967849
GIOIKSWCNXZAJI-UHFFFAOYSA-N,CCOCNc1ccc(S(=O)(=O)NCc2ccc3c(c2)OCO3)cc1,0.9955563
MKYRDCIVESQWKK-UHFFFAOYSA-N,CN1CCC(C(=O)Nc2ccc([P-])cc2)CC1,0.9968388
KGYXXXMQYYDVRD-UHFFFAOYSA-N,CN1CCC(C(=O)Nc2ccc([O+]c3ccc4ccccc4c3)cc2)C1,0.9937489
ZDKZLZTTXJGSDB-UHFFFAOYSA-N,CC(=O)NC1=CC=C(S(=O)(=O)NCc2ccc3c(c2)OCO3)C1,0.9980432
ZZPROZPFOCCUDR-UHFFFAOYSA-N,CN1CC(C(=O)Nc2ccc(-c3ccc4ccccc4c3)cc2)CC[N+]1C,0.9660664
MUWPLKQJAXDEQE-UHFFFAOYSA-N,CN1[N-]CN(c2ccc(-c3csc4ccccc34)cc2)C[N-]1,0.9791118
VAXDTGHMTQOPOG-UHFFFAOYSA-N,COc1ccc(NC(=[S+])C2CCN(C)CC2)cc1Br,0.9980557
SWBMSPCSUDBIOA-UHFFFAOYSA-N,CC1CCN(c2ccc(-c3csc4ccccc34)cc2)C1,0.9947167
AWWVMYPORHDQPD-UHFFFAOYSA-N,C=C(Nc1ccc(-c2cccnc2)cc1)C(C)[P-],0.9939143
WEQYIYPWONAZGU-UHFFFAOYSA-O,CC(=O)Nc1ccc([C+]S(=O)(NCc2ccc3c(c2)OCO3)=[O+]O)cc1,0.99510115
GDBIEJSFONUFOO-UHFFFAOYSA-N,CN1C[B-]C(C(=O)Nc2ccc(-c3ccncc3)cc2)CC1,0.9954808
GBWIROGVXKSISN-UHFFFAOYSA-N,CC(C#N)C(=O)Nc1ccc(-c2csc3ccccc23)cc1,0.9971794
SKRMVQBSWVSRCB-UHFFFAOYSA-N,Cc1ccc(NC(=O)C2CCN(C)C[N-]2)cc1,0.9899441
NKKYLOZIHQTOMR-UHFFFAOYSA-O,CC(=O)N[p+]1ccc(S(=O)(=O)NCc2ccc3c(c2)OCO3)cc1,0.9976922
CVOQJNFUJMVTLS-UHFFFAOYSA-N,BC1C(C(=O)Nc2ccc(-c3ccncc3)cc2)CCN1C,0.9823775
XZNIYFUBJBREOT-UHFFFAOYSA-N,CC(O)CNc1cccc(-c2csc3ccccc23)c1,0.984868
SFRSXTJOASLZTM-UHFFFAOYSA-N,BN1CC1C(=O)Nc1ccccc1-c1ccc2ccccc2c1,0.9904123
UIRUBBZXQUCANM-UHFFFAOYSA-N,CC([O+])C(=O)Nc1ccc(-c2csc3ccccc23)cc1,0.9961469
MGENBNGBGNWTEB-UHFFFAOYSA-N,COc1ccc(N[C-](O)C2CCN(C)CC2)cc1Br,0.99350196
OEUISWQRWMXWPS-UHFFFAOYSA-N,CC(=O)Nc1ccc(-c2cccnc2)cc1,0.99712723
JWVOAFAWTZKUBF-UHFFFAOYSA-O,CN1CCC(C(=O)Nc2ccccc2-c2ccc3c(c2)[N-][C+]=[O+]C3)CC1,0.9951499
RRUXHSBPPNYVKD-UHFFFAOYSA-O,CN1CCC(C(=O)Nc2cccc(C3=CCC=[S+]3)c2)CC1,0.9979964
JIUWFOWWWIYJPK-UHFFFAOYSA-N,CC(S)C(=O)[N+]Nc1ccc(-c2csc3ccccc23)cc1,0.97519344
VIEAOZVRAWUZEY-UHFFFAOYSA-N,CN1CCC(C(=O)Nc2ccccc2-c2ccc3c(c2)[SH]=CC=C3)CC1,0.99850225
DFMQHIFANRDPIC-UHFFFAOYSA-N,COc1ccc(-c2ccc(N3CCN(C)CC3)cc2)c(Br)c1,0.9972349
OKAXIPMIXDZQDB-UHFFFAOYSA-N,CN1CC(C(=O)Nc2ccc(-c3ccc4ccccc4c3)cc2)CS[N+]1C,0.9177153
GCRJQVGTIYWIOZ-UHFFFAOYSA-N,COc1ccc(-c2ccc(N3CCN(C)CC3)cc2)[p+](Br)c1,0.9950145
NYZQCDTYEPCQBA-UHFFFAOYSA-N,CC1CCCCC1C(=O)Nc1ccc(-c2ccc3ccccc3c2)cc1,0.9903724
VCLRBFYCXFMTDD-UHFFFAOYSA-N,CN1CCC(C(=O)Nc2ccc([B-]c3ccc4ccccc4c3)cc2)CC1,0.9978036
FVZBJDBVTIKTOT-UHFFFAOYSA-N,CC1CC(C(=O)Nc2ccccc2-c2ccc3ccccc3c2)N(C)C1,0.9931664
TZGRHZBKEDSISJ-UHFFFAOYSA-N,CN1CCC(C(=O)c2ccc(-c3ccc4ccccc4c3)cc2)CC1,0.997698
QQDZCLQYEBSFLR-UHFFFAOYSA-N,CP([N+])C(=O)Nc1ccc(-c2cccnc2)cc1,0.99832195
NTSKSECHQFWHRH-UHFFFAOYSA-O,CC(=O)Nc1ccc(S(=O)(=O)NCc2ccc3c(c2)OCO3)c[p+]1[P-],0.9980186
LHMJGGOMISFEME-UHFFFAOYSA-N,CN1CCN(c2ccc(NC(=O)CN3CCc4ccccc4S3)cc2)CC1,0.99636996
ZDTIFQKQCYGMTE-UHFFFAOYSA-N,COc1ccc(-c2ccc(NC(=O)[P-](C)[S+])cc2)cc1O,0.9959124
DIWNAJGVVZMSQZ-UHFFFAOYSA-O,CN1CCC(C(=O)Nc2ccc(-c3ccc4ccccc4c3)[p+](C)c2)CC1,0.99371827
LJYWYSLAIHWEPX-UHFFFAOYSA-N,O=C(Nc1ccc(O[P+])c(Br)c1)C1CCCC1,0.9977526
WJFJBMXJNRYSPH-UHFFFAOYSA-N,[B+]1CN(c2ccc(-c3csc4ccccc34)cc2)CCN1,0.99167985
HXQMDQXDODLLFV-UHFFFAOYSA-N,CC(=O)[C+]Nc1ccc(-c2csc3ccccc23)cc1,0.98849607
DEMXTVPXYUDLJC-UHFFFAOYSA-N,O=C(Nc1ccc(-c2ccncc2)cc1)C1CCN(CO)[P+]C1,0.9967945
AUGMBMHSHBXNQI-UHFFFAOYSA-N,[N-]CNC(=O)Nc1ccc(-c2csc3ccccc23)cc1,0.99357116
DJRSQXXQYRKLEQ-UHFFFAOYSA-N,CN1CCN(c2ccc(-c3ccc(ON)cc3)cc2)CC1,0.9980227
GLYHCBVMRRRVHY-UHFFFAOYSA-N,[P+]C1CN(c2ccc(-c3csc4ccccc34)cc2)C1,0.9883725
VCGNZMPTVNQRKL-UHFFFAOYSA-N,CC(Nc1ccc(-c2csc3ccccc23)cc1)[O+]=O,0.98333573
ZQBUUHOVMXBKOP-UHFFFAOYSA-N,CN1CCC(C(=O)Nc2cccc(Br)c2)CC1,0.9765094518661499
HCGMRNBALOOGDM-UHFFFAOYSA-N,CC1N(C)[C+]CCN1c1ccc(NC(=O)CN2CCc3ccccc3C2)cc1,0.98973095
XBOGXROPWHAJKQ-UHFFFAOYSA-N,CC(N)C(=O)Nc1ccc(-c2csc3ccccc23)cc1,0.99640036
YPDVJBPWCBFCQZ-UHFFFAOYSA-N,CN1CCN([C+]c2ccc(-c3ccc(Oc4ccccc4)cc3)cc2)CC1,0.9923443
MJTWFZFSBBBPHI-UHFFFAOYSA-N,CC(C)C(=O)Nc1ccc(-c2ccc(CBr)c(O)c2)cc1,0.997635
QZPCCUGUKAXYNT-UHFFFAOYSA-N,CN1CCN(c2ccc(-c3ccc(-c4ccccc4)cc3)cc2)C1,0.9904028
DONPFUCFCFHCPN-UHFFFAOYSA-N,CC(=O)C(=[B-]=O)Nc1ccc(-c2cccnc2)cc1,0.99617225
DBACLWGZMCBATI-UHFFFAOYSA-N,COc1ccc(NC(=O)C2BCN(C)CC2)cc1Br,0.99363786
ZINDMGWEMLMYSO-UHFFFAOYSA-N,CO[P-]c1ccc(-c2ccc(N3CCN(C)CC3)cc2)cc1,0.99657685
QYWRCIUZPOLFQL-UHFFFAOYSA-N,CN1CCC(C(=O)Nc2ccc([P-])c([P+])c2)CC1,0.99717414
HHLNELNKSJXTPT-UHFFFAOYSA-N,CN1CCC(C(=O)Nc2ccccc2-c2cccc(C3=C=C3)c2)C1,0.9964307
DQKCDUFRHLFHSZ-UHFFFAOYSA-N,CN1[B-]=CC(C(=O)Nc2cccc(-c3ccccc3)c2)CC1,0.9936888
RLODIPMPAHASSL-UHFFFAOYSA-N,CN1[C-]CN(c2ccc(-c3ccc(Oc4ccccc4)cc3)cc2)CC1,0.9895835
YLCGEWVYNFWHGU-UHFFFAOYSA-N,Cc1ccc(NC(=O)C2CCN([O+])C2)cc1,0.9969453
JYPVVJSZLDIBJC-UHFFFAOYSA-N,CN1CCC(C(=O)Nc2cccc(C3=CC=C[S-]=C3)c2)CC1,0.997256
RKFCKUOQNAMKMU-UHFFFAOYSA-N,CP1#CCC(C(=O)Nc2ccccc2-c2ccc3ccccc3c2)CC1,0.9953945
AXOWOGCDWPQVPF-UHFFFAOYSA-N,[B+]=C(Nc1ccc(-c2csc3ccccc23)cc1)C(C)C,0.99555784
HYMNZWDQJHLPHU-UHFFFAOYSA-N,C=C1OC=C1c1cccc(NC(=O)C2CCN(C)CC2)c1,0.99763227
CWMMSCZQKKMYIQ-UHFFFAOYSA-N,CN1CCC(C(=O)Nc2ccc(C3=CC=NC3)cc2)CC1,0.99619883
IURQCUPCHHOLIE-UHFFFAOYSA-N,c1ccc(Oc2ccc(-c3ccc(N4CC4)cc3)cc2)cc1,0.99649185
MVHFLDBIKJVZSG-UHFFFAOYSA-N,COc1ccc(-c2ccc(N3CCN(C)[P+]C3)cc2)cc1,0.99332327
DDERICKBMCNABW-UHFFFAOYSA-N,CC(C)C(=O)Nc1ccc(-c2ccc(SN)c(O)c2)cc1,0.9958801
XISVLIQZABDNTH-UHFFFAOYSA-N,CC(=O)Nc1ccc(S(=O)(=O)Nc2ccc3c(c2)OCO3)cc1,0.9973013
BGLPDWXYNJCSGS-UHFFFAOYSA-N,Cc1ccc(NC(=O)C2CCN(C)NC2)cc1,0.997017
TWFXQILLHJBSBU-UHFFFAOYSA-N,[C+]c1cc(S(=O)(=O)NCc2ccc3c(c2)OCO3)ccc1NC(C)=O,0.9988374
HKIYADHVFSGAGS-UHFFFAOYSA-N,BC1CC(C(=O)Nc2cccc(-c3ccccc3)c2)CCN1F,0.9850498
ZRMGLBQLNYJESS-UHFFFAOYSA-N,CC(=O)Nc1ccc(S(=O)(=O)[P+](P)NCc2ccc3c(c2)OCO3)cc1,0.99378407
YRGDYAPHDBUCNC-UHFFFAOYSA-O,CN1CCC(C(=O)Nc2ccc(C3=[C+]C=NC=C3)cc2)CC1,0.9968014
MLZWWMWGUBPBIQ-UHFFFAOYSA-O,CN1CCN(C2=CC=C(NC(=O)CN3CCc4ccccc4C3)[B+]C2)CC1,0.99784636
ZBNFLSVPJBIEQL-UHFFFAOYSA-N,CC(C)Nc1ccc(-c2csc3ccccc23)cc1,0.9862969
ZDIBWPHTNOACRG-UHFFFAOYSA-N,CC(C)C(=O)c1ccc(-c2cccnc2)cc1,0.9875842
NDOJAKILBLIDSN-UHFFFAOYSA-O,CN1CCC(C(=O)Nc2ccc(-[p+]3ccc4ccccc4c3)cc2)CC1,0.9969332
PGFBJOPBTBDNED-UHFFFAOYSA-N,COc1ccc(-c2ccc(N3CCN([O+]=[S-]C)CC3)cc2)cc1,0.99609935
AIHPURXIVLUVJE-UHFFFAOYSA-N,CC(=O)C([S+])Nc1ccc(-c2csc3ccccc23)cc1,0.9852636
CAYZUAFWGRLJIZ-UHFFFAOYSA-N,c1ccc(Oc2ccc(-c3ccc(N4CC[P-]C4)cc3)cc2)cc1,0.99468094
GGUGHKFGHYRDBZ-UHFFFAOYSA-N,CN1CCC(C(=O)Nc2ccc(Sc3ccc4ccccc4c3)cc2)CC1,0.99563676
KDCFCXAGUKNIJD-UHFFFAOYSA-N,CN1CCC(C(=O)Nc2cccc(C3=S=CC=CC3)c2)CC1,0.99646217
JOKRQFANITXEAV-UHFFFAOYSA-N,CN1CCC(C(=O)[O+]c2ccc(-c3ccc4ccccc4c3)cc2)CC1,0.9936528
RHOLLDGHEUMFAW-UHFFFAOYSA-N,O=[S+]CNc1ccc(S(=O)(=O)NCc2ccc3c(c2)OCO3)cc1,0.99629265
GOXWXGQXHHZGGX-UHFFFAOYSA-N,CC[C-]C(=O)[N+]Nc1cccc(-c2csc3ccccc23)c1,0.98881054
DYBGPQBMEJTVHA-UHFFFAOYSA-N,[B-]C(C)C(O)Nc1cccc(-c2csc3ccccc23)c1,0.9816809
TVSLLGLYLJSELJ-UHFFFAOYSA-O,[B+]=C(C)C(=O)Nc1ccc(-c2csc3ccccc23)cc1,0.99623716
JJDRDMCXZPUQIY-UHFFFAOYSA-N,CN1CCN(c2ccc(NC(=O)CN3CCc4ccccc4C3)cc2)C1,0.9983078
KTTFRSKTFHYDEX-UHFFFAOYSA-N,CN1CCC([N+]C(=S)Nc2ccc(-c3ccc4ccccc4c3)cc2)CC1,0.9967224
PICBSCAZMYYRED-UHFFFAOYSA-N,CN1CCN(c2ccc(NC(O)=CCN3CCc4ccccc4C3)cc2)C1,0.96798015
ZGSRCMHHADDOCY-UHFFFAOYSA-N,O=C(Nc1ccc(-c2ccc3ccccc3c2)cc1)C1CC=NCC1,0.98234344
ASBNZTRDPGGYOY-UHFFFAOYSA-N,CC(=O)Nc1ccc(S(=O)(=O)NC[P+]Nc2ccc3c(c2)OCO3)cc1,0.9963899
UCIOAVDHUDWBBC-UHFFFAOYSA-N,CCC(C)Nc1cccc(-c2csc3ccccc23)c1,0.99033785
MIEIXGWJMLFCPO-UHFFFAOYSA-N,CC(C)C(=O)Nc1ccc(-c2ccc(I)c(O)c2)cc1,0.9973985
MHTRWDQMKGAJHC-UHFFFAOYSA-N,CN1CCC(C(=O)Nc2ccccc2-c2ccc3ccccc3c2)CP1,0.9934123
CPQXLGRAOXZIPC-UHFFFAOYSA-N,O=C(Nc1cccc(-c2ccccc2)c1)C1CCN(CO)C1,0.9954668
NVSUNESTYPBDAD-UHFFFAOYSA-N,CN1CCN(c2ccc(-c3ccc([P-]c4ccccc4)cc3)cc2)CC1,0.99367803
RNWWOBMDFMBXGF-UHFFFAOYSA-O,C#CC=[S+]c1ccc(-c2ccc(NC(=O)C3CCN(C)CC3)cc2)cc1,0.9963798
MULYZCPYPDFPIC-UHFFFAOYSA-N,CC(=O)N=Bc1ccc(S(=O)(=O)NCc2ccc3c(c2)OCO3)cc1,0.96980035
QCMJYQMAAFBYLB-UHFFFAOYSA-N,O=[S+]Cc1ccc(S(=O)(=O)NCc2ccc3c(c2)OCO3)cc1,0.99768734
BVGCQJPZJZPLOS-UHFFFAOYSA-N,C=C(Nc1ccc(C)cc1)C1CCN(C)CC1,0.99474466
UVDKCVIIPOJDKZ-UHFFFAOYSA-N,Bc1cc(-c2ccc(N3CCOCC3)cc2)ccc1Oc1ccccc1,0.9974033
DSOOMGOEEYMRDO-UHFFFAOYSA-N,[B-]c1cccc(NC(=O)C2CCN(C)CC2)c1,0.9977319
GLKKKJHOIQPCJB-UHFFFAOYSA-N,COc1ccc(-c2ccc(NC(=O)C(C)C)[nH]2)cc1O,0.9930829
ONXYPDWZVHMQFW-UHFFFAOYSA-N,N[PH]1([P-])CCC(C(=O)Nc2cccc(-c3ccccc3)c2)CC1,0.98789006
ZUGJDNOEBPQBCJ-UHFFFAOYSA-N,[B+](C=Cc1ccc(N2CCOCC2)cc1)c1ccc(Oc2ccccc2)cc1,0.9955384
WTIPIOXBALCDNX-UHFFFAOYSA-O,[B+]=C[SH](#C)C(O)C(=O)Nc1ccc(-c2csc3ccccc23)cc1,0.9884228
BCSNZPUCJDGCIJ-UHFFFAOYSA-N,CC(=[P+])c1ccc(S(=O)(=O)NCc2ccc3c(c2)OCO3)cc1,0.9964914
QFUNEPUGWOQLQT-UHFFFAOYSA-N,CN1CCN(c2ccc(NC(=O)[P+]N3CCc4ccccc4C3)cc2)CC1,0.9973206
NHETUOIWXWECAA-UHFFFAOYSA-N,CC1N[C+]CCN1c1ccc(NC(=O)CN2CCc3ccccc3C2)cc1,0.9928818
CXZWVZRCVACTFF-UHFFFAOYSA-N,COc1ccc(-c2ccc(NC(C)Cl)cc2)cc1O,0.99402136
LGANFGVINYHYMT-UHFFFAOYSA-O,CC(C)C(=O)Nc1cc(-c2csc3ccccc23)cc[s+]1,0.9607705
VQFHLXMQFDVELK-UHFFFAOYSA-N,Cc1scc(-c2ccc(NC(=O)C(C)C)cc2)c1C,0.99657035
QHJXXHIFZHTGRW-UHFFFAOYSA-N,CN1CCC(C(=O)Nc2ccccc2C2=Cc3ccccc32)CC1,0.99177223
VDLWTLWCKYLQRA-UHFFFAOYSA-N,COc1ccc(-c2ccc(NC(=[P-])C(C)C)cc2)cc1O,0.99443734
VAJOYWBIMHIHEE-UHFFFAOYSA-N,[C+]=CC(=O)Nc1ccc(-c2cccnc2)cc1,0.99178207
XHKSKMVGJBRPGC-UHFFFAOYSA-N,CN1CC([O+])CC1C(=O)Nc1ccccc1-c1ccc2ccccc2c1,0.9889292
OMBNVNWUBBYPDH-UHFFFAOYSA-O,CC1CC(C(=O)Nc2ccccc2-c2ccc3ccccc3c2)C[S+](C)C1,0.98243445
IQUKBHMZUQSXKB-UHFFFAOYSA-N,CCCCC(=O)Nc1ccc(-c2ccc(OC)c(O)c2)cc1,0.99822277
HCLMITDTCMGLGM-UHFFFAOYSA-N,CN1CCN(c2ccc(-c3ccc(O[P+])cc3)cc2)CC1,0.99755055
XPBOPYIXDTZSAQ-UHFFFAOYSA-N,O=C(Nc1ccccc1-c1ccc2ccccc2c1)C1CCCN[S-]CC1,0.99192834
ZRBPNVRTCOKFBB-UHFFFAOYSA-N,O=C(Nc1cccc(-c2ccccc2)c1)C1CCNCC1,0.9965019
KYINCBCCIFDAFC-UHFFFAOYSA-N,[C-]N1CCN(c2ccc(-c3ccc(Oc4ccccc4)cc3)cc2)CC1,0.9970066
FFVXKXJVYNMPKL-UHFFFAOYSA-N,CN1CCC(C(=O)Nc2ccc(F)cc2)CC1,0.9985592
QSNVXEKTLJPYCZ-UHFFFAOYSA-N,Cc1ccc(NC(=O)C2CCN(C)[N+]C2)cc1,0.9963981
NBAKGRPWHCJLSC-UHFFFAOYSA-O,CN1CC[C+](C(=O)Nc2ccc(-c3ccncc3)cc2)CC1,0.9978237
QLJPRXHDJSUXOK-UHFFFAOYSA-N,O=C(CN1CCc2ccccc2C1)Nc1ccc(N2C[B-]CCCC2)cc1,0.9984219
QYUILTDGWWEHDF-UHFFFAOYSA-N,COc1ccc(-c2ccc(NC(=O)[O+]C)cc2)cc1O,0.9980083
FZEXGTZBDIPYMR-UHFFFAOYSA-N,CN1CCC(C(=O)Nc2ccccc2-c2ccc3ccncc3c2)CS1,0.9979949
ZTYKKUQYHUWCBQ-UHFFFAOYSA-N,C=Bc1[c-]cc(-c2ccc(NC(=O)C3CCN(C)CC3)cc2)cc1,0.9988387
VQESTYUKHYKAKX-UHFFFAOYSA-N,CN1CC[SH](C(=O)Nc2ccccc2-c2ccc3ccccc3c2)C1,0.99049133
ANVGNBQUNOYPFY-UHFFFAOYSA-N,[C-]#CCC(=O)Nc1ccc(-c2ccc(OC)c(O)c2)cc1,0.99832994
CQXAQBDZXRJITR-UHFFFAOYSA-O,CN1CCC(C(=O)Nc2ccccc2-c2ccc3c(c2)C=[C+]C=C3)CC1,0.9976533
OSGBZPZBHBUSTF-UHFFFAOYSA-M,CN1CCC(C(=O)Nc2ccccc2-c2ccc([S-])c(C=C=P)c2)CC1,0.9963348
CUPQTXQDUNCBNO-UHFFFAOYSA-N,C=[P+]CC=C1CN(CC(=O)Nc2ccc(N3CCN(C)CC3)cc2)CCC1=C,0.9344738
REVJOSALVYYVFR-UHFFFAOYSA-O,O=C(CN1CCc2ccccc2C1)Nc1ccc(N2CCCC[S+]([P+])C2)cc1,0.9989484
PAWOTWSZUVXEGM-UHFFFAOYSA-N,COc1ccc(S(=O)(=O)NCc2ccc3c(c2)OCO3)cc1,0.9981437
AGFZRQXRJYCGLM-UHFFFAOYSA-N,CN1CCC(C(=O)Nc2ccccc2-c2ccc3ccccc3c2)[SH]C=[N+]1,0.99154025
HTMMUZDBUPZFIA-UHFFFAOYSA-N,CN1CCC(C(=O)Nc2ccc(C3=[P-]=C=NC=C3)cc2)CC1,0.99753904
YLUSFTFGYSZMBB-UHFFFAOYSA-O,[C-][p+]1cc(S(=O)(=O)NCc2ccc3c(c2)OCO3)ccc1NC(C)=O,0.9987739
AEXMJRVQWGXSCD-UHFFFAOYSA-O,CN1CCC(C(=O)NC2=[B-][C+]=CC=C2c2ccc3ccccc3c2)CC1,0.9957703
FVWCZZIXMDSAEJ-UHFFFAOYSA-O,[B+]=CC([C-])C(=O)Nc1ccc(-c2csc3ccccc23)cc1,0.9947249
WQCCAUKNBNFGPK-UHFFFAOYSA-N,[C+]N1CCN1Cc1ccc(NC(=O)CN2CCc3ccccc3C2)cc1,0.9988967
YODAVUPPRTTYAS-UHFFFAOYSA-N,O=C(CN1CCc2ccccc2C1)Nc1ccc(CCCN2CC2)cc1,0.99915063
NFTVCICQEJBJQU-UHFFFAOYSA-N,[C-]Oc1ccc(-c2ccc(N3CCOCC3)cc2)cc1,0.997063
RLCLGTZDMNMVDB-UHFFFAOYSA-O,CN1C[C+]=C([S-]c2ccc(NC(=O)CN3CCc4ccccc4C3)cc2)CC1,0.9923419
JQNFVOPVUKEHHG-UHFFFAOYSA-N,Cc1ccc(NC(=O)C2CCN(CP)CC2)cc1,0.99869424
JJGSWDGNMFRPSZ-UHFFFAOYSA-N,CN1CCC(C(=O)NC2=CC=C(c3ccc4ccccc4c3)C2)CC1,0.99248636
STYWMVZRLFHYEC-UHFFFAOYSA-O,CN1[B+]NC(C(=O)Nc2ccc(-c3ccncc3)cc2)CC1,0.9705175
LQRNXYBNMCXZTO-UHFFFAOYSA-N,COc1ccc(NC(=O)C2CCC2)cc1Br,0.9985342
YOYFVPKLANAVON-UHFFFAOYSA-N,CN1CCC(C(=O)Nc2ccccc2-c2ccc3c(c2)C=C=[C+]=C3)CC1,0.9970331
AYDQDUOLMMZTHT-UHFFFAOYSA-N,CN1CCC(C(=O)Nc2cccc(-c3ccccc3)c2)P1,0.9961422
ZUQCVJUGIYPSRU-UHFFFAOYSA-N,C[C-]1CCN(c2ccc(-c3ccc(Oc4ccccc4)cc3)cc2)C1,0.99549496
YEYPWAHNEHXMHO-UHFFFAOYSA-N,CC1C(C(=O)Nc2cccc(-c3ccccc3)c2)CN1C,0.98325205
GQPCKUNPJNAIGA-UHFFFAOYSA-N,CCPC(=O)Nc1cccc(-c2csc3ccccc23)c1,0.99612397
NBOIQUPGGSDHLP-UHFFFAOYSA-N,Cc1ccc(-c2ccc(NC(=O)C(C)C)cc2)cc1O,0.9975164
RLDDGAVJOMSHOT-UHFFFAOYSA-N,c1cc(Oc2ccc(-c3ccc(N4CCOCC4)cc3)cc2)ccn1,0.9963898
LNBBSCFNWVVGOH-UHFFFAOYSA-N,COc1ccc(-c2ccc(NC(=O)[C+](C)[S-])cc2)cc1O,0.9973642
PJVASIJZOPVTCU-UHFFFAOYSA-N,CN1CCC(C(=O)Nc2ccc(Pc3ccncc3)cc2)CC1,0.99846435
KRRCNMJJMGGPGY-UHFFFAOYSA-N,[C+]=C(C)C(=O)Nc1ccc(-c2cccnc2)cc1,0.9959264
MURPDFYSCJAHLF-UHFFFAOYSA-N,CN1CCC(C(=O)Nc2ccc(-c3ccc4c(c3)C=CC4)cc2)CC1,0.9953467
UHWLNEMYKNVXRH-UHFFFAOYSA-O,CN1[B+]C(C(=O)Nc2ccc(-c3ccncc3)cc2)CC1,0.99295115
QUZGFWKZEGRUNH-UHFFFAOYSA-N,CC(=O)Nc1ccc(S(=O)(=O)NCc2bcc3c(c2)OCO3)cc1,0.9926548
PEJZMZSIFFKDKS-UHFFFAOYSA-O,CN1C[C-][P+](N)(c2ccc(NC(=O)CN3CCc4ccccc4C3)cc2)CC1,0.98665535
PINFQNPETONNMU-UHFFFAOYSA-N,CC(=O)Nc1ccc(-c2csc3ccccc23)cc1,0.99591607
GHISNPKVHHQSSV-UHFFFAOYSA-N,CN1CCC(C(=O)Nc2cccc([N+]C3C=C3)c2)CC1,0.9863216
KXUDKKQRJUSDQH-UHFFFAOYSA-N,[C+]N(C)C1CN1c1ccc(NC(=O)CN2CCc3ccccc3C2)cc1,0.9976794
WGMAUWAYYGZOBN-UHFFFAOYSA-O,CN1CCC(C(=O)Nc2cccc(C3=BCCC=[S+]3)c2)CC1,0.9974898
BFMCWLWXHDQMIG-UHFFFAOYSA-N,C1=CC(Oc2ccc(-c3ccc(N4CCOCC4)cc3)cc2)=C1,0.99451965
ZHNMSFNVHJAGAQ-UHFFFAOYSA-N,CN1C[SH](C(=O)Nc2ccccc2-c2ccc3ccccc3c2)C1,0.9923349
JRCIJQAUOJDLEI-UHFFFAOYSA-N,O=S(=O)(NCc1ccc2c(c1)OCO2)c1ccc(NCF)cc1,0.9957618
NSWACCHCQVHOAL-UHFFFAOYSA-N,CN1CCCCC(C(=O)Nc2ccc(-c3ccc4ccccc4c3)cc2)S1,0.9945726
XLACEANDSQCYCR-UHFFFAOYSA-N,[B+]c1[c-]ccc(NC(=O)C2CCN(C)CC2)c1,0.9974214
WJFOPBNLEQEROW-UHFFFAOYSA-N,CC(C)C(=O)Nc1cccc(-c2csc3c(O)cncc23)c1,0.9932132
RUYMQXXIUZIWDG-UHFFFAOYSA-N,c1ccc(OCc2ccc(-c3ccc(N4CCOCC4)cc3)cc2)cc1,0.9940832
AENKUEAWUHNYEE-UHFFFAOYSA-N,C[SH]1CCC(C(=O)Nc2ccc(-c3ccncc3)cc2)C1,0.9970163
YSASZOJXJDZGIG-UHFFFAOYSA-N,CC(=O)NC1=C=C(S(=O)(=O)NCc2ccc3c(c2)OCO3)C=C1,0.9976736
DNWFUXDNMWMPKA-UHFFFAOYSA-N,C=[PH]=CC=C1CN(CC(=O)Nc2ccc(N3CCN(C)CC3)cc2)CCC1=C,0.8868396
KKFMTKUCBDYVBP-UHFFFAOYSA-N,CC(CBr)C(=O)Nc1ccc(-c2cccnc2)cc1,0.9970663
VNROBXVDHOIRGM-UHFFFAOYSA-N,[C-]=C(Nc1ccc(-c2ccc(OC)c(O)c2)cc1)C(C)C,0.9918243
YUPDMNQXAIBBDS-UHFFFAOYSA-N,CN1CCC(C(=O)Nc2cccc([N+]c3ccccc3)c2)C1,0.9968988
IYYJMQKUTAYYSD-UHFFFAOYSA-N,CC(=[N+])C(=O)Nc1cccc(-c2csc3ccccc23)c1,0.9976872
UCZWCUZFOOFGFV-UHFFFAOYSA-N,COc1ccc(-c2ccc(NC(=S)C(C)I)cc2)cc1O,0.992359
KQGGZQIIIYHMOS-UHFFFAOYSA-N,C[P-]#COCNc1ccc(S(=O)(=O)NCc2ccc3c(c2)OCO3)cc1,0.9875316
KLZGEUFWIONWRF-UHFFFAOYSA-N,CN1CCN(c2ccc(-c3ccccc3)cc2)CC1,0.994288444519043
PDQRYYNFHCTDMK-UHFFFAOYSA-N,C=Cc1ccc(-c2ccccc2NC(=O)C2CCN(C)CC2)cc1C=C,0.99275255
KCLHNYWAGALJMY-UHFFFAOYSA-N,[C+][SH](=O)(NCc1ccc2c(c1)OCO2)c1ccc(NC(C)=O)cc1,0.9956214
AOTODBABRDEALE-UHFFFAOYSA-N,COc1ccc(NC(=O)C2CC=NCC2)cc1Br,0.99115795
YFFSVXCCKVNQTJ-UHFFFAOYSA-N,CN1CCC(C(=O)Nc2[c-]c(-c3ccccc3)ccc2)CC1,0.99371344
KLOPUEDBHVYJOG-UHFFFAOYSA-N,O=C(C[P+])Nc1ccc(-c2cccnc2)cc1,0.99926203
OROOGKHADBXAFJ-UHFFFAOYSA-N,C[P-]=[O+]OCNc1ccc(S(=O)(=O)NCc2ccc3c(c2)OCO3)cc1,0.9857653
PLDLVIHSCUCOTB-UHFFFAOYSA-N,B[N+]1CN(C)CCC1C(=O)Nc1ccc(-c2ccncc2)cc1,0.9906042
FDACUQIEQXLSRV-UHFFFAOYSA-N,CN1CCN(c2ccc(-c3csc4ccccc34)cc2)C[N-]1,0.9944819
VLLDVVDNOMBAGL-UHFFFAOYSA-N,CCC(=O)Nc1ccc(-c2cccnc2)cc1,0.9985055
KKFSIOPGZQRERY-UHFFFAOYSA-N,CN1CCN(C2=[PH]=C=C(NC(=O)CN3CCc4ccccc4C3)C=C2)CC1,0.9984426
LIJZRTWBGPSZCY-UHFFFAOYSA-N,CC(Br)C(=O)Nc1ccc(-c2csc3ccccc23)cc1,0.9974946
ZASWRGXBWZPWFD-UHFFFAOYSA-N,C[S-]1CNC[S+]N1c1ccc(NC(=O)CN2CCc3ccccc3C2)cc1,0.9865363
WUDHKGGSKMIBFZ-UHFFFAOYSA-N,O=S(=O)(NCc1ccc2c(c1)OCO2)c1ccc(NCOC=[S+])cc1,0.9817947
WZGKXVPRVOWAGR-UHFFFAOYSA-M,CN1CCC([N-]C(=O)Nc2ccc(-c3ccc4ccccc4c3)cc2)CC1,0.99545383
HCSHTARCHLMDCW-UHFFFAOYSA-N,CC(C)C(Nc1cccc(-c2csc3ccccc23)c1)=[O+]O,0.9882321
IPRBKQXEBFZWAT-UHFFFAOYSA-N,CN1CCN(c2ccc(NC(=O)CN3[C+]#Cc4ccccc4C3)cc2)CC1,0.9967572
ZPFJCNIADPHNDC-UHFFFAOYSA-N,CN1CCC(C(=O)c2ccc(-c3ccc4ccccc4c3)cc2[P-])CC1,0.9906685
GEEMHUKTRJMEBQ-UHFFFAOYSA-N,NC(=O)Nc1ccc(-c2csc3ccccc23)cc1,0.9969132
UEEBNVKZGQXWCP-UHFFFAOYSA-N,CN1CC[C-]([n+]2ccc(-c3csc4ccccc34)cc2)CC1,0.8416662
KEOSJINZDARWOX-UHFFFAOYSA-N,CN1CCC(C(=O)PNc2ccccc2-c2ccc3ccccc3c2)CC1,0.99566096
MPMUTFJOJRZHGW-UHFFFAOYSA-N,CNCCC(=O)Nc1ccc(-c2ccc(OC)c(O)c2)cc1,0.9978928
FIQPXUQPWJCTBF-UHFFFAOYSA-M,CC=Cc1cc(-c2ccccc2NC(=O)C2CCN(C)CC2)ccc1[S-],0.99635977
DKVODNSVXFXAOX-UHFFFAOYSA-N,O=C[P-]c1ccc(S(=O)(=O)NCc2ccc3c(c2)OCO3)cc1,0.9946517
CAEXLEQHEPNWHN-UHFFFAOYSA-N,C=C=[S-]c1cccc(-c2ccccc2NC(=O)C2CCN(C)CC2)c1,0.9971554
MNWRBFAMGGNYGS-UHFFFAOYSA-N,CCC([P-])C(=O)Nc1ccc(-c2cccnc2)cc1,0.9979505
BGINKHULXCOJBT-UHFFFAOYSA-N,CC([N-])C(=O)CNc1ccc(-c2csc3ccccc23)cc1,0.9884127
GQQUMFCPWCGREX-UHFFFAOYSA-N,COc1ccc([P+]c2ccc(N3CCN(C)CC3)cc2)cc1,0.9949675
VXCNWLHGHPHCQU-UHFFFAOYSA-O,CC(=O)Nc1ccc(S(=O)(=O)NCc2ccc3c(c2)OCO3)c[p+]1C,0.9977932
FOYPTWMCOVHYJE-UHFFFAOYSA-O,CC(=O)Nc1ccc([SH](#[O+])NCc2ccc3c(c2)OCO3)cc1,0.9966413
LEJYAVVTASDVGW-UHFFFAOYSA-O,CN1CCC(C(=O)Nc2cccc(-c3ccccc3)[s+]2)CC1,0.9884051
ATIOXIJHPNABBQ-UHFFFAOYSA-N,CN1CCC(C(=O)Nc2ccc(C3=CC=N[P-]=C3)cc2)CC1,0.99812037
SHQGOAGIPIOGPT-UHFFFAOYSA-N,CC(=O)Nc1ccc(S(=O)(=[C+]=O)NCc2ccc3c(c2)OCO3)cc1,0.9978509
RBPJVYJNBXFELM-UHFFFAOYSA-N,CC=C=[S-]c1cccc(-c2ccccc2NC(=O)C2CCN(C)CC2)c1,0.98786616
LTRXTYJSGAEEAA-UHFFFAOYSA-N,Cc1ccc(NC(=O)C2CCN(C)[S+]C2)cc1,0.9978479
IWOZPSGWQYCTIQ-UHFFFAOYSA-N,O=C(Nc1ccc(-c2ccncc2)cc1)C1C[SH]C1,0.996743
AXNSMMRPWJQAOA-UHFFFAOYSA-N,O=C(Nc1cccc(-c2ccccc2)c1)C1CCN([S-])C(P)C1,0.98599607
YHXFGQVFMQVNGY-UHFFFAOYSA-N,CC1CNC[S+]N1c1ccc(NC(=O)CN2CCc3ccccc3C2)cc1,0.9902686
JXUSIJICDAOBEI-UHFFFAOYSA-N,C[N+](C)=[P-]([P+])C(=O)Nc1cccc(-c2csc3ccccc23)c1,0.98877895
GNPKWZLCAIAVEE-UHFFFAOYSA-N,CC1CC(C(=O)Nc2ccc(-c3ccc4ccccc4c3)cc2)CS1,0.98867
MHRYHUQCSWGZTF-UHFFFAOYSA-N,CN1CCN(c2ccc(Oc3ccccc3)c(-c3ccccc3)c2)CC1,0.9956215
IUASJUTZSVIIOX-UHFFFAOYSA-N,CN1[C-]CC(C(=O)Nc2cccc(-c3ccccc3)c2)CC1,0.9971922
TUHLPNISABGBHF-UHFFFAOYSA-N,CN1CCC(C(=O)c2ccccc2-c2ccc3ccccc3c2)CC1,0.9885765
KDZGSFZJADBVPJ-UHFFFAOYSA-N,[B-]c1cc(NC(=O)C(C)C)ccc1-c1cccnc1,0.99742967
CSAJKXXAZLUUAB-UHFFFAOYSA-N,CC([S+])C(=O)Nc1ccc(-c2csc3ccccc23)cc1,0.9970188
PDKYKYPYTMQCFH-UHFFFAOYSA-N,CN1CCC(C(=O)Sc2ccc(-c3ccc4ccccc4c3)cc2)CC1,0.9959096
VAKFTKWFGYBEFN-UHFFFAOYSA-N,O=CN1CCC(C(=O)Nc2cccc(-c3ccccc3)c2)C[N+]1,0.9912382
HOKACTYNBUGWTM-UHFFFAOYSA-N,CC(=O)Nc1ccc(S(=O)(=O)NCc2ccc3c(c2)[N-]CO3)cc1,0.99811625
DGVZKZOGDNGTGL-UHFFFAOYSA-O,CN1CCC(C(=O)Nc2c[s+]ccc2-c2ccc3ccccc3c2)CC1,0.99202806
GHWIUEADGXXIOF-UHFFFAOYSA-N,CC(=O)CNc1ccc(-c2csc3ccccc23)cc1,0.991514
QBIYGXCJNJEQGC-UHFFFAOYSA-O,CN1CCC(C(=O)Nc2ccc(-c3ccc4ccccc4[o+]3)cc2)CC1,0.9983834
IQWDLWWIKYKIFD-UHFFFAOYSA-N,CC(C)C(=O)SNc1ccc(-c2cccnc2)cc1,0.98557407
YVQOBBGLUVTJQI-UHFFFAOYSA-N,[C-]c1ccc(-c2ccc(N3CCN(C)CC3)cc2)cc1,0.9970921
PGFYUVCZIBLCKX-UHFFFAOYSA-N,CC1CN(C)C1C(=O)Nc1cccc(-c2ccccc2)c1,0.9711998
XHQHQVUIBYCSOZ-UHFFFAOYSA-N,CN1CCN(c2ccc(-c3ccc(Cc4ccccc4)cc3)cc2)CC1,0.99498785
PIFGHVRBXAAQLT-UHFFFAOYSA-N,COc1ccc(NC(=O)C2CCCCCC2)cc1Br,0.99855787
GHWAPFYNGVZBJD-UHFFFAOYSA-N,CC(C)C(=O)c1cccc(-c2csc3ccccc23)c1,0.9739977
ZGRHGKQITIXVAP-UHFFFAOYSA-N,CN1CC[SH]C([P-]C(=O)Nc2ccccc2-c2ccc3ccccc3c2)CC1,0.99017125
VWHMKUNMLJONFD-UHFFFAOYSA-O,CN1CCC(C(=O)Nc2ccccc2-c2ccc3c(c2)C=[C+]=[O+]C3)CC1,0.9891583
CZNLZXDQMYRTJZ-UHFFFAOYSA-N,CN1CCC(C(=O)Nc2ccccc2-c2ccccccc3cc2-3)CC1,0.9955745
KZZVQQMLRWDMHY-UHFFFAOYSA-N,CN1CCC(C(=O)Nc2ccccc2-c2cccc([P-]=c3cc3)c2)CC1,0.9972466
TUQQEUIGBLYBGF-UHFFFAOYSA-N,[B+]N1CCN(c2ccc(-c3ccc(OC)cc3)cc2)CC1,0.9941176
PHCIEGXYCWEHDU-UHFFFAOYSA-N,[B-]=C(Nc1cccc(-c2csc3ccccc23)c1)C(C)C,0.99401045
HSCCUNGMYWYYBH-UHFFFAOYSA-N,[C-]CC(C)C(=O)Nc1cccc(-c2csc3ccccc23)c1,0.9918724
UHUNFRKKNSCSAD-UHFFFAOYSA-N,B#CC(=O)Nc1ccc(-c2ccc(OC)c(O)c2)cc1,0.9977715
MHDTUBIFEVKAGS-UHFFFAOYSA-N,B[SH]1CCC(C(=O)Nc2ccc(-c3ccc4ccccc4c3)cc2)CC1,0.9978769
VLSKJINTLHGGBS-UHFFFAOYSA-N,CN1CCC(C(=O)Nc2ccc(-c3ccncc3)cc2[P-])CC1,0.9954158
CPPJTDLVJUENFJ-UHFFFAOYSA-N,CN1CCC(C(=O)Nc2ccccc2)C1,0.9973869
GCOUDYVHKHRJMC-UHFFFAOYSA-N,C[SH]1CCC(C(=O)Nc2cccc(-c3ccccc3)c2)C1,0.9966444
WOKRBFLIKRCAEW-UHFFFAOYSA-N,CN1CCC(C(=O)Nc2cccc(C3=[C+]=CC=C3)c2)CC1,0.98676676
DLPBXGSKMIXULD-UHFFFAOYSA-N,CN1CCC(C(=O)Nc2ccccc2-c2ccc3c(c2)[SH]#[N+]C=C3)CC1,0.9976737
ICGHDTYJMKJJFG-UHFFFAOYSA-N,CC(=O)Nc1ccc(S(=O)(=O)NC[P+]c2ccc3c(c2)OCO3)cc1,0.99588686
JEKDMYQOJGYMCY-UHFFFAOYSA-N,CN1CCN(C2=CC=C(NC(=O)CN3CCc4ccccc4C3)NC2)CC1,0.9979734
BSDXYWFVLMLCRQ-UHFFFAOYSA-N,CN1[O+]CN(c2ccc(-c3csc4ccccc34)cc2)C[P+]1,0.98262423
BVMDUSIMNCQVPJ-UHFFFAOYSA-O,C[C+]1CCC(C(=O)Nc2ccccc2-c2ccc3ccccc3c2)CO1,0.9929128
WZAAFRXPJHYYHC-UHFFFAOYSA-N,CC(=O)Nc1ccc(S(=O)(=O)NCCc2ccc3c(c2)OCO3)cc1,0.99828905
XAAKITLIMUHHEF-UHFFFAOYSA-N,CN1CC(C(=O)Nc2ccc(-c3ccc4ccccc4c3)cc2)C[P+][N+]1C,0.87635064
HQMRYMLAPXUADM-UHFFFAOYSA-N,CN1C[C+]N(c2ccc(-c3ccc(Oc4ccccc4)cc3)cc2)CC1,0.9920208
HNVUAXPGTIDIAD-UHFFFAOYSA-O,O=C(Nc1ccc(-c2ccncc2)cc1)C1CC[S+]([P+])CC1,0.9979347
DQYJPRHQOZZSCD-UHFFFAOYSA-N,C[SH]1CCN(c2ccc(-c3ccc(Oc4ccccc4)cc3)cc2)CC1,0.9965857
CGFIOVAPFVSJAO-UHFFFAOYSA-N,[C-]=C(C)Nc1ccc(-c2csc3ccccc23)cc1,0.9953739
MTDYHEGLSIOXKJ-UHFFFAOYSA-N,COc1ccc(-c2ccc(N3CCN(CF)CC3)cc2)cc1,0.9958125
COEWNBSBMXAWDJ-UHFFFAOYSA-N,CN1CCC(C(=O)Nc2ccccc2-c2ccc3ccccc3c2)C1,0.98917305
ULOAMMQDOOJVMA-UHFFFAOYSA-N,CN1CN(c2ccc(-c3csc4ccccc34)cc2)C[N-]1,0.97271055
IBPYZVINSSXJFP-UHFFFAOYSA-N,CC(=O)c1ccc(S(=O)(=O)NCc2ccc3c(c2)OCO3)c[p+]1C,0.9985832
MQJWLYPZJZJNNC-UHFFFAOYSA-N,CC(C)C(=O)Nc1cccc(-c2csc3c2C=[SH]3)c1,0.9971674
PGYDXRWYNXAZKQ-UHFFFAOYSA-N,CC[O+]CC(=O)Nc1ccc(-c2csc3ccccc23)cc1,0.9957242
YLCFPSQUBQFNCF-UHFFFAOYSA-N,COc1ccc(-c2ccc(C(=O)C(C)C)cc2)cc1O,0.9952017
CGHXCEVTEWNCFH-UHFFFAOYSA-N,CC(=O)Nc1ccc([SH](Br)NCc2ccc3c(c2)OCO3)cc1,0.9939201
VBLITVSEPYTLAS-UHFFFAOYSA-N,[C+]Oc1ccc(-c2ccc(N3CCN(C)CC3)cc2)cc1,0.9957147
NWTKXDOIDUOFDM-UHFFFAOYSA-N,CP(C)C(=O)Nc1ccc(-c2csc3ccccc23)cc1,0.99285406
OAWMNYUCVVYQKA-UHFFFAOYSA-N,CC(C)C(=O)Nc1[c-]cc(-c2csc3ccccc23)cc1,0.991521
IIJXZHNNXWNFHQ-UHFFFAOYSA-N,COc1ccc(NC(=O)C2CCNNC2)cc1Br,0.99820197
HOQBUBVLQCRKLK-UHFFFAOYSA-N,CN1CCC(C(=O)Nc2cccc(C3=CC=CC3)c2)C1,0.9967637
KSZIVLWAVWRYQE-UHFFFAOYSA-M,O=S(=O)(NCc1ccc2c(c1)OCO2)c1ccc(N=C[O-])cc1,0.96089965
SGHRUEFGZHEVNT-UHFFFAOYSA-N,C[SH]([N+])C(=O)Nc1ccc(-c2cccnc2)cc1,0.98670423
BFLXSGBPRKXEES-UHFFFAOYSA-N,[B-]c1cc(-c2cccnc2)ccc1NC(=O)C(C)C,0.99758685
JCUQVEKVZSSRNE-UHFFFAOYSA-N,CN1CCC(C(=O)Nc2ccccc2-c2ccc3ccccc3c2)CS1,0.9904261
VFILFTOXUWFHFX-UHFFFAOYSA-N,COc1ccc(NC(=O)C2CCN(C)NC2)cc1Br,0.9967679
DTVOSVHTPXHBCV-UHFFFAOYSA-N,CN1CCC(C(=[P+])Nc2ccc(-c3ccncc3)cc2)CC1,0.99703825
SNUUAXADTIQVPJ-UHFFFAOYSA-N,CC(C)C(=O)Nc1ccc(N[O+])c(-c2csc3ccccc23)c1,0.99313015
SKSVOKMEWRBMCD-UHFFFAOYSA-N,CN1CC[S-](c2ccc(-c3csc4ccccc34)cc2)CC1,0.99593925
FLSTYCMIPPGBPE-UHFFFAOYSA-O,CN1CCC([B+][S-]C(=O)Nc2ccc(-c3ccncc3)cc2)CC1,0.99481046
WJSGPBGCZAUJRW-UHFFFAOYSA-N,CN1CCC(C(=S)Nc2ccc(-c3ccc4ccccc4c3)cc2)CC1,0.9971174
BFFMRGVELQRFOJ-UHFFFAOYSA-N,CN1CCC(C(=O)Nc2cc[c-]c([B-]c3ccccc3)c2)CC1,0.99827504
YQXXOBIDMHIJHP-UHFFFAOYSA-N,[N-]=C(Br)Nc1ccc(-c2csc3ccccc23)cc1,0.9963612
LDZSMKNULIIOMG-UHFFFAOYSA-M,CC(C)C(=O)[N-]c1ccc(-c2csc3ccccc23)cc1,0.98460686
LCDDVZQQABTBKQ-UHFFFAOYSA-N,COc1ccc(NC(=O)C2CCC(C)C2)cc1Br,0.99768794
BENXLYWVMDVNGK-UHFFFAOYSA-N,c1ccc(Oc2ccc(-c3ccc(N4CC[P-]CC4)cc3)cc2)cc1,0.99701536
ZTHUEERKWYKFSA-UHFFFAOYSA-N,Cc1ccc(S(=O)(=O)NCc2ccc3c(c2)OCO3)c[o+]1,0.99850947
BOXRUSUZEXWGIF-UHFFFAOYSA-O,N[S+]1CCC(C(=O)Nc2ccc(-c3ccncc3)cc2)CC1,0.9980215
JZFIWANSKKMBIE-UHFFFAOYSA-N,CN1CCN(c2ccc(-c3csc4ccccc34)cc2)C1,0.9932152032852173
NDCNCEWGAMIWAX-UHFFFAOYSA-N,[N+]=CC(=O)Nc1cccc(-c2csc3ccccc23)c1,0.9960777
VGFYCOHSYFQJPQ-UHFFFAOYSA-N,CN1CCN([n+]2ccc(-c3csc4ccccc34)cc2)CC1,0.95455605
KXEIFFLGBNPAQR-UHFFFAOYSA-N,CCc1ccc(NC(=O)C2CCN(C)CC2)cc1Br,0.9982829
IHVIPEZJJMOBOH-UHFFFAOYSA-O,CC(=S)N[p+]1ccc(S(=O)(=O)NCc2ccc3c(c2)OCO3)cc1,0.99579054
NAEAJMUFZZPKNP-UHFFFAOYSA-N,c1ccc2c(-c3ccc(N4CC[P+]C4)cc3)csc2c1,0.99249685
LMARJQWCMSVLKB-UHFFFAOYSA-N,CN1CCC(C(=O)Nc2ccccc2-c2ccnpc2)CC1,0.99888974
OSGLDQPOICHMSM-UHFFFAOYSA-N,C[P-](=O)[P+]c1ccc(S(=O)(=O)NCc2ccc3c(c2)OCO3)cc1,0.9976471
UCOYSNGDANZTLD-UHFFFAOYSA-N,C#CCc1ccc(-c2ccccc2NC(=O)C2CCN(C)CC2)cc1,0.99679875
XMWHCMHZGHYYRO-UHFFFAOYSA-O,C[P+]1=CCC(C(=O)Nc2ccc(-c3ccc4ccccc4c3)cc2)CC1,0.9939075
CQDSQDZBGRULLF-UHFFFAOYSA-N,CPc1ccc(NC(=O)C2CCN(C)CC2)cc1,0.9978683
LJADMJYPDWBXAO-UHFFFAOYSA-N,CC([P-][S+])C(=O)Nc1ccc(-c2cccnc2)cc1,0.9985904
BQNGBFCNUNKGLN-UHFFFAOYSA-N,CC(C)C(Nc1ccc(-c2cccnc2)cc1)=[O+]O,0.9943698
UBFKMDBSVKCQKW-UHFFFAOYSA-N,CC1C=CC(c2ccc(NC(=O)C3CCN(C)CC3)cc2)=C1,0.9916333
XQQSFDDXOQASLR-UHFFFAOYSA-N,CC1CCCC(C(=O)Nc2ccccc2-c2ccc3ccccc3c2)C1,0.98107564
VRVHBAWFGMRUFF-UHFFFAOYSA-M,CC(=O)Nc1ccc(C(=O)[N-]NCc2ccc3c(c2)OCO3)cc1,0.99625635
CFWSPBFTCAZVRO-UHFFFAOYSA-N,CC(=[S-])Nc1ccc(-c2cccnc2)cc1,0.9962913
PZTGCTOYGGOLNF-UHFFFAOYSA-N,C#CCc1ccc(-c2ccc(NC(=O)C3CCN(C)CC3)cc2)cc1,0.9974286
JDBRPWXNMYLBAL-UHFFFAOYSA-N,CCC(=O)Nc1cccc(-c2csc3ccccc23)c1,0.9957639
PUGVKJCIMLLIKV-UHFFFAOYSA-N,COc1ccc(-c2ccc(N3CCN(C)C3)cc2)cc1,0.9937069
VKTKGBOBXCMHPN-UHFFFAOYSA-N,CN1CCN(c2ccc([C-]c3csc4ccccc34)cc2)CC1,0.9945052
BRIHYBOWKHOTGG-UHFFFAOYSA-N,C#[B-]C=[P+](C)C(=O)Nc1cccc(-c2csc3ccccc23)c1,0.99232626
PJCRYAJAFZIRAS-UHFFFAOYSA-N,OC1CN(c2ccc(-c3ccc(Oc4ccccc4)cc3)cc2)CCO1,0.9877274
BYOHDVRLIHFURH-UHFFFAOYSA-O,CN1CC(C(=O)Nc2cccc(-c3ccccc3)c2)C[C+]1P,0.99437547
MDKNPFBZHVUWBV-UHFFFAOYSA-N,COc1ccc(-c2ccc(NC(=O)C(=[O+])C[O+])cc2)cc1O,0.9901162
BVDCZWGHIAOXTG-UHFFFAOYSA-N,[B-]C(C)C(=O)NNc1ccc(-c2cccnc2)cc1,0.97944766
NQZIXKXEPDPWFX-UHFFFAOYSA-N,CN1CCC(C(=O)Nc2ccc(-c3ccc4c(c3)C4)cc2)CC1,0.9958668
MZGADSCYWAWUSO-UHFFFAOYSA-N,Cc1cccc(NC(=O)C2CCN(C)CC2)c1,0.9976126
SAUVHJCNZNRSKI-UHFFFAOYSA-N,COc1ccc(-c2ccc(NC(=O)CCl)cc2)cc1O,0.9984579
SSUUTPNWUWCJBW-UHFFFAOYSA-N,[B+]C(Nc1cccc(-c2csc3ccccc23)c1)C(C)C,0.9852469
FLBYWENDQUDQLY-UHFFFAOYSA-O,[C+]#CC(C)CC(=O)Nc1ccc(-c2cccnc2)cc1,0.998806
YDZNKQQJNAJEBS-UHFFFAOYSA-N,O=C(Nc1ccc(O[P+])c(Br)c1)C1CCC1,0.9975159
XGWKVHXDIZEFKZ-UHFFFAOYSA-N,CN1CCC(C(=O)Nc2cccc(C3=NCC=CC3)c2)CC1,0.9972922
GNRXWRXGEJKNTA-UHFFFAOYSA-N,[B-]#CN1CCC(C(=O)Nc2cccc(-c3ccccc3)c2)CC1,0.9960389
HPIXUYACCVZWRN-UHFFFAOYSA-N,CC(C=O)Nc1ccc(-c2csc3ccccc23)cc1,0.98311377
BINPMPPIJLZTCG-UHFFFAOYSA-N,CN1CCN(c2ccc(N[P+]C(=O)CN3CCc4ccccc4C3)cc2)CC1,0.99837613
JTNJSQAOUXRHPT-UHFFFAOYSA-O,CC(=O)Nc1ccc(S(=O)(NCc2ccc3c(c2)OCO3)=[O+]P)cc1,0.9956499
VMXYGPMQMHVBOV-UHFFFAOYSA-N,COc1ccc(C(=O)C2CCN(C)CC2)cc1Br,0.9953902
ZVIOTJNAJVRSJP-UHFFFAOYSA-N,CC(=O)Nc1ccc(S(=O)(=O)[P+][P-]Cc2ccc3c(c2)OCO3)cc1,0.9954217
USEGUAXEZOCCGG-UHFFFAOYSA-N,CC(=O)NC1=[C+]=C=C(S(=O)(=O)NCc2ccc3c(c2)OCO3)C1,0.9978492
HWSVQQNOENGUEQ-UHFFFAOYSA-N,CN1CCC(C(=O)Nc2cccc(C3CC=CC3)c2)CC1,0.9871558
ZIORSUQVMRUDRU-UHFFFAOYSA-N,O=S(=O)(NCc1ccc2c(c1)OCO2)c1ccc(I)cc1,0.9983338713645935
ZJEIHNFCATWVHI-UHFFFAOYSA-O,CN1CCC(C(=O)Nc2cccc(C3=[C+]=C[C+]=C3)c2)CC1,0.997246
HPNGUWAIUJCUOC-UHFFFAOYSA-M,COc1ccc(-c2ccc(NC(=O)C(C)(O)[S-])cc2)cc1O,0.99726653
IEYDOLLLIAGMNK-UHFFFAOYSA-N,CN1CCN(c2ccc(N[P+]C(=O)CN3CCc4ccccc4C3)cc2)C1,0.9968004
WIWYXOWDMFLZNN-UHFFFAOYSA-O,CN1CCC(C(=O)Nc2ccccc2-c2ccc3c(c2)[P+]=[C+]=[O+]C3)CC1,0.9721501
CPKFOBHPAHPWPR-UHFFFAOYSA-N,CN1CCN(c2ccc([C-][S+]c3ccc(Oc4ccccc4)cc3)cc2)CC1,0.9890515
GMFLRHJDMMSLBX-UHFFFAOYSA-N,[C-]c1ccc(-c2ccc(NC(=O)C(C)C)cc2)cc1O,0.99714357
VDMHTGZGYJBNPL-UHFFFAOYSA-N,O=C(Nc1ccc(-c2ccncc2)cc1)C1CC[SH](P)CC1,0.99820805
RQOXPJUZLZNHAM-UHFFFAOYSA-N,CN1CCC(C(=[P+])Nc2ccc(-c3ccncc3)cc2)C1,0.9947179
GCEQZQIQTAMELE-UHFFFAOYSA-N,COc1ccc(-c2ccc(NC(=O)C(C)C)cc2)cc1,0.9974385499954224
CXQVNKOGUVLXTA-UHFFFAOYSA-N,CC(O)CNc1ccc(-c2csc3ccccc23)cc1,0.98728454
MAEPHQYSMCMVDX-UHFFFAOYSA-N,CN1CCP(#SC(=O)Nc2ccccc2-c2ccc3ccccc3c2)CC1,0.9957943
KIHUZTBJIPIATA-UHFFFAOYSA-N,C[S-](F)C(=O)Nc1ccc(-c2csc3ccccc23)cc1,0.995427
WQCNADJEDATEOY-UHFFFAOYSA-N,CN1CCC(C(=O)Nc2cc[c-]c(-c3ccccc3)c2)CC1,0.99811304
UHIJOQAYUUXFRH-UHFFFAOYSA-N,CC(C)C(=[S-])Nc1ccc(-c2cccnc2)cc1,0.99080276
KUZQEJFJHAWAQO-UHFFFAOYSA-O,C[S+]=C(C)C(=O)Nc1cccc(-c2csc3ccccc23)c1,0.994534
JXBQPPRAQPXRSJ-UHFFFAOYSA-N,CN1CCC(C(=O)Nc2ccc(-c3[c-]cc4ccccc4c3)cc2)CC1,0.99788934
YHRAXIQSWWMDDE-UHFFFAOYSA-N,CC(O)C(O)Nc1cccc(-c2csc3ccccc23)c1,0.9606368
HSHCVXVOUDXMPF-UHFFFAOYSA-N,COc1ccc(-c2ccc(NC(=O)C(C)O)cc2)cc1O,0.9929773
AEGJTCYOBGWDJH-UHFFFAOYSA-N,CC(=O)Nc1ccc(S(=O)(=O)NCc2ccc3c(c2C)OCO3)cc1,0.99348193
NSCLAEOAABTYSX-UHFFFAOYSA-N,O=S(=O)(NCc1ccc2c(c1)OCO2)c1ccc([P+]=S)cc1,0.9928525
VGZXKLQZURRWDA-UHFFFAOYSA-N,O=C(Nc1ccc(-c2ccncc2)cc1)C1CCNC1,0.9980909
NQFQHCSOMPRDAV-UHFFFAOYSA-N,COc1ccc([N+]C(=O)C2CCN(C)CC2)cc1Br,0.9936545
XLNXOTSOPFVZCJ-UHFFFAOYSA-N,BN1CCCC(C(=O)Nc2cccc(-c3ccccc3)c2)C1,0.99776983
FBRUHVLJHIZEHG-UHFFFAOYSA-O,[B+]=C[SH](#C)C(C)C(=O)Nc1ccc(-c2csc3ccccc23)cc1,0.985759
NSKFOAQSTMYAKS-UHFFFAOYSA-N,CC(=O)NCC1=CC=C1S(=O)(=O)NCc1ccc2c(c1)OCO2,0.99685645
XCRCRJRBVYBOOX-UHFFFAOYSA-N,CO[S+]c1ccc(-c2ccc(N3CCN(C)CC3)cc2)cc1,0.99614775
QDVWDDMWDLVWDJ-UHFFFAOYSA-N,C[SH]1CCC(C(=O)Nc2cccc(-c3ccccc3)c2)CC1,0.99694926
ZXKKTOSVBVWZFD-UHFFFAOYSA-N,CN1CCC(C(=O)Nc2cccc(C3=[C+]=CC=CC3)c2)CC1,0.99645597
VKSHPYRVEPNTEX-UHFFFAOYSA-N,CC(C)C(=O)c1ccc(-c2csc3ccccc23)cc1,0.9662269
XUUHSBZFBYYXCX-UHFFFAOYSA-N,CN1CCC(C(=[S-])PNc2ccccc2-c2ccc3ccccc3c2)CC1,0.99429756
MPGBNJKPYBAROJ-UHFFFAOYSA-N,CN1CCC(C(=O)Nc2ccc(Br)cc2)CC1,0.9981871247291565
XCDMXHOAZKYMOI-UHFFFAOYSA-M,COc1ccc(-c2ccc(NC(=O)C(C)CO[S-])cc2)cc1O,0.99471104
BQELTCGQHYEMGW-UHFFFAOYSA-N,CC(=O)NC1=S=C=C(S(=O)(=O)NCc2ccc3c(c2)OCO3)C1,0.996657
YAMMFGLESHHQSU-UHFFFAOYSA-N,CCC(=O)Nc1ccc(-c2csc3ccccc23)cc1,0.99476963
OQWOZXHKCSFVJR-UHFFFAOYSA-N,[P-]Oc1ccc(-c2ccc(N3CCOCC3)cc2)cc1,0.9959096
CVYVFJGSYMBJPY-UHFFFAOYSA-N,CC(=O)Nc1cc[b-](S(=O)(=O)NCc2ccc3c(c2)OCO3)cc1,0.99796957
NBJQPRWDIWAMBA-UHFFFAOYSA-N,O=CCNc1ccc(S(=O)(=O)NCc2ccc3c(c2)OCO3)cc1,0.9916841
ROZWAKSIFMYKAZ-UHFFFAOYSA-N,CN1CCCCC(C(=O)Nc2ccc(-c3ccc4ccccc4c3)cc2)C1,0.99504846
HYQDZANFSVVSDT-UHFFFAOYSA-N,CC=CSc1cccc(-c2ccccc2NC(=O)C2CCN(C)CC2)c1,0.98743373
PQTUBLRLOOLELH-UHFFFAOYSA-N,O=C[B-]Nc1ccc(S(=O)(=O)NCc2ccc3c(c2)OCO3)cc1,0.9911793
MOXYUBZNPVIAEQ-UHFFFAOYSA-N,CN1CC1C(=O)Nc1ccccc1-c1ccc2ccccc2c1,0.9931913
MGBOQDCHBBZXKT-UHFFFAOYSA-N,[C-]=CC(C)C(=O)[C+]Nc1cccc(-c2csc3ccccc23)c1,0.9907941
SDXAVNLFLJAVRA-UHFFFAOYSA-M,CN1CCC(C(=O)Nc2ccc([S-])cc2)C1,0.99806434
NXPZNKVJLLBFMZ-UHFFFAOYSA-N,CN1CCC(C(=O)NC2=CC=C(c3ccc4ccccc4c3)C=[P+]2)CC1,0.9946667
HVQSPQTUTOJRNX-UHFFFAOYSA-N,CN1CC(c2ccc(NC(=O)CN3CCc4ccccc4C3)cc2)C[N-]1,0.9948421
ZZFVGAIQUKQECR-UHFFFAOYSA-N,CC(=O)Nc1ccc(S(=O)(=O)NCc2ccc3bcoc3c2)cc1,0.99738973
KJUXTSHCDZNNGA-UHFFFAOYSA-N,CN1CCC(C(=O)Nc2cccc([N+]CI)c2)CC1,0.9972681
NTTLSTAZYRGYBJ-UHFFFAOYSA-N,CN1CCC(C(=O)Nc2cccc(-c3ccccc3)c2)C[S-]1,0.9947919
SRJXTVLXWAJILJ-UHFFFAOYSA-N,CC1CC(C(=O)Nc2cccc(-c3ccccc3)c2)CCN1[S+],0.9944951
MXPIHUSSXIKVGP-UHFFFAOYSA-N,CC(=O)Nc1ccc([C+]S(=O)(=[P-])NCc2ccc3c(c2)OCO3)cc1,0.9975204
AMDQVULTAUGTSU-UHFFFAOYSA-N,[C+]N1CCN(c2ccc(NC(=O)CN3CCc4ccccc4C3)cc2)C1,0.99883527
CUCYMBHQSPOAIE-UHFFFAOYSA-N,[C-]N1CCC(C(=O)Nc2ccc(C)cc2)C[S+]1,0.9971758
FRHTYVJLUWRNHS-UHFFFAOYSA-N,COc1ccc(-c2ccc(N3CCN(C)[N-]C3)cc2)cc1,0.99559504
ZUZFLKKHNWEBEK-UHFFFAOYSA-N,c1ccc2c(-c3ccc(N4CCCC4)cc3)csc2c1,0.9954308
ZBWQVEUEURJMJS-UHFFFAOYSA-N,CN1CCC(C(=O)Nc2ccccc2-c2ccc3c(c2)C=C[P+]3)CC1,0.99498075
IBZCXGLOTZTNPN-UHFFFAOYSA-N,[C-]c1cc(N2CCN(C)CC2)ccc1NC(=O)CN1CCc2ccccc2C1,0.9989336
FRLMJYLBSVCAGV-UHFFFAOYSA-N,CN1CCC(C(=O)c2ccc(-c3ccncc3)cc2)CC1,0.9971232
SGOKRJALCWBMNR-UHFFFAOYSA-N,CC(=O)Nc1ccc(S(=O)(=O)[P+][N+]Cc2ccc3c(c2)OCO3)cc1,0.9771928
AYPCUVLGDGIRRW-UHFFFAOYSA-N,CN1CCC(C(=O)Nc2ccc(-c3ccc4ccccc4c3)cc2)[P-]C1,0.97948736
RKTOFZMVGCIJQM-UHFFFAOYSA-N,COc1ccc(NC(=O)[P-]2CCN(C)CC2)cc1Br,0.9976743
DVVNUZTUFOKXRB-UHFFFAOYSA-N,CN1CCC(C(=O)Nc2cccc(-c3cbccc3)c2)CC1,0.9987068
DJLQOIQOXRJOLS-UHFFFAOYSA-N,Cc1ccc(S(=O)(=O)NCc2ccc3c(c2)OCO3)cc1,0.9977985
ZCZXPQHYLBDLCC-UHFFFAOYSA-N,c1ccc(Oc2ccc3cc(N4CCOC4)cc-3cc2)cc1,0.99376017
MHZLAPMKRZMJAV-UHFFFAOYSA-O,CN1C[B+]C(C(=O)Nc2ccc(-c3ccncc3)cc2)CC1,0.9959876
PXVBNYMQGOGVOL-UHFFFAOYSA-N,Cc1ccc(NC(=O)C2CCN([S-])CC2)cc1,0.9985714
GAQHGMVTOHXZPM-UHFFFAOYSA-N,CC(C)C(=O)Nc1ccc(-c2csc3cccc([P-])c23)cc1,0.9911179
WGMOLWIHLNQFCX-UHFFFAOYSA-N,CN1CCC(C(=O)Nc2cccc(C3=CC=[S-]C=C3)c2)CC1,0.9965299
MUMRROUXERNKHH-UHFFFAOYSA-N,O=C(CI)Nc1ccc(-c2csc3ccccc23)cc1,0.9954164
QYBGCUGGFFYKHV-UHFFFAOYSA-N,CN1CCC(C(=O)Nc2cnccc2-c2ccc3ccccc3c2)C1,0.98704463
XUWVMKUKXDGLRQ-UHFFFAOYSA-O,[B+]=CC(=O)Nc1ccc(-c2csc3ccccc23)cc1,0.99678963
DDMYFTNOGUCNMB-UHFFFAOYSA-O,CN1CCN(c2ccc(NC(=O)CN3CCc4ccccc4C3)c[o+]2)CC1,0.9967037
IPFGOXWPMCBXBA-UHFFFAOYSA-N,CN1CCC(C(=O)Nc2ccccc2-c2ccc3ccccc3c2)[SH]C1,0.98046297
XJRYKXFSWOPBNM-UHFFFAOYSA-N,O=C(Nc1cccc(-c2ccccc2)c1)C1CCN(F)C([O+])C1,0.96782434
NNSGBULGFWBKGW-UHFFFAOYSA-N,CN1CCC(C(=O)Nc2cccnccc(I)cc2)CC1,0.996176
LMOIWJPMOCCDEU-UHFFFAOYSA-N,O=C(Nc1cccc(-c2ccccc2)c1)C1CCNC1,0.9979114
GUMOHDQUJZTXTE-UHFFFAOYSA-M,CN1CCC([N-]C(=O)Nc2ccc(-c3ccc4ccccc4c3)cc2)C1,0.9899026
WWNXHNIMFVGQJD-UHFFFAOYSA-N,CN1CCN(c2ccc([C-]c3ccc(Oc4ccccc4)cc3)cc2)CC1,0.99422616
ZVAJRCAMHKHYDL-UHFFFAOYSA-N,NN1CCCC(C(=O)Nc2cccc(-c3ccccc3)c2)C1,0.993704
OYNVQDRGJNGYLD-UHFFFAOYSA-N,[C-]C(C)C(=O)Nc1cccc(-c2csc3ccccc23)c1,0.99693906
AGJLLDQGEADCMH-UHFFFAOYSA-N,CN1CCC(C(=O)Nc2ccc(-c3ccc4ccccc4c3)cn2)C1,0.9707063
FXBJAWGCIGOKTL-UHFFFAOYSA-N,CC(=O)Nc1ccc([P+]S(=O)(=O)NCc2ccc3c(c2)OCO3)cc1,0.9968177
CESDFKWUEWILAI-UHFFFAOYSA-N,CC(C)CC(=[S-])Nc1ccc(-c2cccnc2)cc1,0.9954587
DIWJMSXKWJZPSW-UHFFFAOYSA-N,COc1ccc(NC(=O)C2CC#[C+](C)CC2)cc1Br,0.99614656
YZRHBZJLUPKVPW-UHFFFAOYSA-N,CN1C[C+]C(C(=O)Nc2ccc(-c3ccncc3)cc2)CC1,0.9918143
ALOPEJXCZFEOBR-UHFFFAOYSA-M,C[S+]#Cc1cc(-c2ccccc2NC(=O)C2CCN(C)CC2)ccc1[S-],0.9984267
CHBISFDNZYOTQO-UHFFFAOYSA-N,C[P+]=C[P+]OC(=O)Nc1cccc(-c2csc3ccccc23)c1,0.98964816
FEQIJRYPVJXAGV-UHFFFAOYSA-N,O=C(Nc1ccc(-c2ccncc2)cc1)C1CC[S+]CC1,0.9982535
BOVPQQHRRNHECA-UHFFFAOYSA-N,CC(C=O)CNc1ccc(-c2csc3ccccc23)cc1,0.983435
JGZLABSFLPLZKB-UHFFFAOYSA-N,CN1CCN(c2ccc(NC(=O)[C+]N3CCc4ccccc4C3)cc2)CC1,0.996077
JKOVSGOJIIYDMA-UHFFFAOYSA-O,C[S+]=[P+](C)C(=O)Nc1ccc(-c2cccnc2)cc1,0.9970408
TUJOOPUALAFUIU-UHFFFAOYSA-N,CC(=O)Nc1ccc(S(=O)(=[O+])NCc2ccc3c(c2)OCO3)cc1,0.9974228
ZWUDDNYHCCYFFC-UHFFFAOYSA-N,C#CC=Cc1ccc(-c2ccc(NC(=O)C3CCN(C)CC3)cc2)cc1,0.99841
ICNFNSFKKJCPCL-UHFFFAOYSA-N,CC(C)C(=O)Bc1cccc(-c2csc3ccccc23)c1,0.98288834
MJJBDOYGRQKCHH-UHFFFAOYSA-N,c1ccc(Oc2ccc(-c3ccc(N4CC[P+]CC4)cc3)cc2)cc1,0.9959353
VPVVPAMFFCJART-UHFFFAOYSA-N,CN1CCC(C(=O)Nc2cccc(C3=CC=CC3)c2)CC1,0.99747074
USJYRWQDMZGYOV-UHFFFAOYSA-N,C[C-]Oc1ccc(-c2ccc(NC(=O)C(C)C)cc2)cc1O,0.99625456
IALHCAVTZRTCGM-UHFFFAOYSA-M,CC([S-])C(=O)Nc1ccc(-c2csc3ccccc23)cc1,0.9955786
GSMBTNIVDBEVHI-UHFFFAOYSA-N,CN1CCN(c2ccc(NC(=O)C[N-]N3CCc4ccccc4C3)cc2)CC1,0.9984946
CZWKHBCKOXGFGX-UHFFFAOYSA-N,CSC(C)C(=O)Nc1ccc(-c2csc3ccccc23)cc1,0.99333465
CBVRJHHUIAHCCC-UHFFFAOYSA-N,C=C(Nc1cccc(-c2csc3ccccc23)c1)C(C)CO,0.9904766
ZHTZCDSEYGZGER-UHFFFAOYSA-N,CN1[B-]CN(c2ccc(NC(=P)CN3CCc4ccccc4C3)cc2)CC1,0.99368143
OQHCTJXBYZTIGR-UHFFFAOYSA-N,CC[N+]C(=O)Nc1ccc(-c2cccnc2)cc1,0.9976254
MHQRLBDCURCBGR-UHFFFAOYSA-O,Cc1ccc(NC(=O)C2C[B+]N(C)CC2)cc1,0.99759173
BQMKTOCOALSIDV-UHFFFAOYSA-N,NBC(=O)Nc1ccc(-c2csc3ccccc23)cc1,0.9935807
FIOALARVGJASQJ-UHFFFAOYSA-N,C=C(Nc1ccccc1-c1ccc2ccccc2c1)C1CCN(C)CC1,0.9913244
PEMDLLSFKHHDHR-UHFFFAOYSA-N,O=C1CCC(C(=O)Nc2ccc(-c3ccc4ccccc4c3)cc2)C1,0.98494536
XJDWDCPFHBDHGJ-UHFFFAOYSA-N,Cc1ccc(NC(=O)C2CN(C)C2)cc1,0.9944108
UASAACSQFREVDI-UHFFFAOYSA-O,[B+]=CCC(=O)Nc1ccc(-c2csc3ccccc23)cc1,0.99575824
WUNLFMKXPVPGRR-UHFFFAOYSA-N,Bc1c(NC(=O)C2CCN(C)CC2)ccc(OC)c1Br,0.99580693
XANUJVZWFUDOIB-UHFFFAOYSA-N,[B-]=C(Nc1cccc(-c2csc3ccccc23)c1)C(C)=O,0.9967218
AIEPEXQPJVVIFX-UHFFFAOYSA-N,CN1CCN(c2ccc(-c3ccc(-c4ccccc4)cc3)cc2)CC1,0.9952072501182556
OJQDRZDDQVBQPQ-UHFFFAOYSA-N,[B-]C(C)C(=O)Nc1ccc(-c2cccnc2)cc1,0.9977181
FIFHAQDIKYQJLZ-UHFFFAOYSA-N,C#C[O+]Cc1ccc(-c2ccc(NC(=O)C3CCN(C)CC3)cc2)cc1,0.9979425
IALHCAVTZRTCGM-UHFFFAOYSA-N,CC(S)C(=O)Nc1ccc(-c2csc3ccccc23)cc1,0.9969592
DBXYZBKFZPDCAY-UHFFFAOYSA-N,CN1CCC(C(=O)N[C-]c2ccccc2-c2ccc3ccccc3c2)CC1,0.9895335
RSHJIUJMIFPOKG-UHFFFAOYSA-N,OCN1CCN(c2ccc(-c3csc4ccccc34)cc2)C[P+]1,0.99480706
RHGSSZIYMJJVPB-UHFFFAOYSA-N,C[P-]([P+])([P+])C(=O)Nc1cccc(-c2csc3ccccc23)c1,0.98825526
XZSRUNFDFLFWOC-UHFFFAOYSA-N,COc1ccc(Sc2ccc(N3CCN(C)CC3)cc2)cc1,0.9951084
NECZNTIHCNWGHY-UHFFFAOYSA-N,COc1ccc(-c2ccc(NC(=O)C(C)C[O+])cc2)cc1O,0.99755836
IGIRADKFDKRAAJ-UHFFFAOYSA-N,[B-]1CN(c2ccc(-c3ccc(Oc4ccccc4)cc3)cc2)C1,0.9914991
MOQBCGJGYWDQHN-UHFFFAOYSA-N,CC(F)OC(=[O+])Nc1ccc(-c2csc3ccccc23)cc1,0.9930934
KTJBCMMQUVRNKB-UHFFFAOYSA-N,CN1CCC(C(=O)Nc2ccc(-c3ccccccccc3)cc2)CC1,0.99799407
WHFQYXFAYMYSRA-UHFFFAOYSA-M,O=C(C[S-])Nc1ccc(-c2csc3ccccc23)cc1,0.9977354
RNJYTEJOLDQLJR-UHFFFAOYSA-N,[C-]CCC(=O)Nc1cccc(-c2csc3ccccc23)c1,0.99769694
LSRXKTVMJMEVSC-UHFFFAOYSA-N,Cc1cc(-c2ccccc2NC(=O)C2CCN(C)CC2)ccc1C[O+],0.9978721
FXRZOVYHMIFDOD-UHFFFAOYSA-N,[B-]c1cccc2scc(-c3ccc(NC(=O)C(C)C)cc3)c12,0.9780238
VPXGOQNHWVSCSE-UHFFFAOYSA-N,CC(=O)N([S+])[p+]1ccc(S(=O)(=O)NCc2ccc3c(c2)OCO3)cc1,0.9967939
FDSWGXSEUWYUIS-UHFFFAOYSA-N,[B-]CC([P-])C(=O)Nc1ccc(-c2cccnc2)cc1,0.99799585
WIDZATVPIYNLLO-UHFFFAOYSA-N,CN1CCN(c2ccc(NC(=O)CN3CC=CC=CC3)cc2)CC1,0.99868566
ZYBGSCVWMKXYML-UHFFFAOYSA-N,[B+](c1ccc(N2CCOCC2)cc1)[p+]1ccc(Oc2ccccc2)cc1,0.9887028
URAKKMRBQWBVSO-UHFFFAOYSA-N,CC(C)C(=O)Nc1ccc(N)c(-c2csc3ccccc23)c1,0.9749453
UHBMAAIHWKCPGF-UHFFFAOYSA-O,CC(=O)Nc1ccc(S(=O)(=O)[S+]=NCc2ccc3c(c2)OCO3)cc1,0.87731636
RKECIPPYQNRNCJ-UHFFFAOYSA-N,O=C([S+])Nc1ccc(S(=O)(=O)NCc2ccc3c(c2)OCO3)cc1,0.9978149
NLZWCFYGNMSNEM-UHFFFAOYSA-N,O=C(Nc1ccccc1-c1ccc2ccccc2c1)C1CN1,0.9770472
CCFJAGINVXZXDN-UHFFFAOYSA-O,CN1CCC(C(=O)Nc2ccccc2-c2ccc3cc[o+]cc3c2)CS1,0.99807346
BOCYLHCRHIOHMO-UHFFFAOYSA-N,CC(=O)Nc1ccc(S(=O)(=O)NCc2cc3cc(c2)OCO3)cc1,0.99786335
CNLIXUVOZNQYJM-UHFFFAOYSA-N,CN1CCC(C(=O)NC2=C(c3ccncc3)CC=C2[P-])CC1,0.9876182
BPXOITXLEIITFZ-UHFFFAOYSA-N,CN1CCN(c2ccc(NC(=O)CN3Cc4ccccc4C=[P+]3)cc2)CC1,0.9933309
FJYOXNMYIMQFFX-UHFFFAOYSA-O,CN1[B+]CC(C(=O)Nc2ccc(-c3ccncc3)cc2)C1,0.9944998
UAOOAYCFAJTDAE-UHFFFAOYSA-O,C=[C+]1C=[P+](C)C(c2ccc3ccccc3c2)=C1NC(=O)C1CCN(C)CC1,0.9958632
HCXTZDQHVMDBMT-UHFFFAOYSA-N,CC([N-])C(=O)Nc1cccc(-c2csc3c[c-]ccc23)c1,0.9818625
RDNJWMKMLLXPAH-UHFFFAOYSA-N,[C-]=NN1CCN(c2ccc(-c3ccc(Oc4ccccc4)cc3)cc2)CC1,0.97938436
SUEXIUYCQYBPNT-UHFFFAOYSA-N,CN1CCC[SH](C(=O)Nc2ccccc2-c2ccc3ccccc3c2)CC1,0.9849086
FIRDYKSMVVSBMH-UHFFFAOYSA-N,O=C(Br)Nc1ccc(-c2csc3ccccc23)cc1,0.997781
HSXKPPKSSONIIN-UHFFFAOYSA-N,[N-]=CNc1ccc(NC(=O)CN2CCc3ccccc3C2)cc1,0.99579656
ZOMCDDJFVDVRIQ-UHFFFAOYSA-N,CN1CCN(c2ccc(N[P+]C(=O)CN3Cc4ccccc4C3)cc2)CC1,0.99568874
LRVLCWHZZYJOQW-UHFFFAOYSA-N,C[N+]=CC(=O)Nc1cccc(-c2csc3ccccc23)c1,0.9945003
IISKPXUCCOQJCC-UHFFFAOYSA-N,CC(C)C(=[P-])Nc1cccc(-c2csc3ccccc23)c1,0.9940514
YEKWOFHAIBFCTA-UHFFFAOYSA-N,CN1CCN(c2ccc(-c3csc4ccc([N+])cc34)cc2)CC1,0.9958955
OXBHXLISHDEIGM-UHFFFAOYSA-N,CCC(=[B-]=O)Nc1ccc(-c2csc3ccccc23)cc1,0.9839099
KXZMDUNDCQZRAP-UHFFFAOYSA-N,O=C(Nc1ccccc1-c1ccc2ccccc2c1)C1CCN1,0.98187745
IJQOCOOXHCVMJW-UHFFFAOYSA-N,CC1CCN(c2ccc(-c3ccc(Oc4ccccc4)cc3)cc2)C1,0.99409544
BZRSUNUQAYXKLZ-UHFFFAOYSA-N,CN1CCN(c2ccc(-c3bcc(Oc4ccccc4)cc3)cc2)C1,0.9891388
QHFFYHYNCVPQCV-UHFFFAOYSA-N,CN1CCN(c2ccc(NC(=O)C[N-]N3CCc4ccccc4C3)cc2)C1,0.9977946
ULAUZMKNFPJBRQ-UHFFFAOYSA-N,[C-]=CN1CCN(c2ccc(-c3ccc(Oc4ccccc4)cc3)cc2)CC1,0.9686386
VNMWMZWFSDLYPJ-UHFFFAOYSA-N,Cc1bcc(-c2ccc(NC(=O)C3CCN(C)CC3)cc2)cc1,0.9990687
VJUHQEVYSNTHCK-UHFFFAOYSA-N,CC1C(C(=O)Nc2cccc(-c3ccccc3)c2)CCN1F,0.9744815
UTEZXCZPHIILGU-UHFFFAOYSA-N,O=C(Nc1ccccc1-c1ccc2ccccc2c1)C1CN1S,0.98969436
DPXQGOOXGRYIDR-UHFFFAOYSA-N,CC(C)C(=O)Nc1cccc(-c2csc3c2[P-]#C3)c1,0.9963689
IDFYXDUWCMIPFM-UHFFFAOYSA-N,[C-]C(C)C(=O)Nc1ccc(-c2csc3ccccc23)cc1,0.9970772
SUASWYFCVWVBLS-UHFFFAOYSA-N,CCCC(=O)Nc1ccc(-c2csc3ccccc23)cc1,0.99642843
VHDIIBFZPKLCQD-UHFFFAOYSA-N,CC(CF)Nc1cccc(-c2csc3ccccc23)c1,0.9897675
BPNMMSIYSGRUGL-UHFFFAOYSA-N,CC=Cc1ccc(-c2ccc(NC(=O)C3CCN(C)CC3)cc2)cc1,0.99783
ZDXNWGCYTHGWCM-UHFFFAOYSA-N,CN1CCC(C(=O)N[B-]c2ccccc2-c2ccc3ccccc3c2)CC1,0.9930428
PNXVVMUMFFYWFO-UHFFFAOYSA-N,CC(C)C(=O)Nc1ccc(-c2ccc(O)c(O)c2)cc1,0.9949549
SBMUMTAXONKNES-UHFFFAOYSA-N,CN1CCN(c2ccc(Cc3ccc(-c4ccccc4)cc3)cc2)CC1,0.9950439
BTMNCLZMUXGMMO-UHFFFAOYSA-N,CC1CCC(C(=O)Nc2ccc(-c3ccc4ccccc4c3)cc2)C1,0.9897333
PMEFBZVDSJWICT-UHFFFAOYSA-N,CC(C)PC(=[S-])Nc1ccc(-c2cccnc2)cc1,0.9980812
JZLASZRTGGGXFK-UHFFFAOYSA-O,[B+]=CC(C)C(=O)Nc1ccc(-c2csc3ccccc23)cc1,0.97319204
NGGDUVMJONEWMK-UHFFFAOYSA-N,C[C-][S-]C(C)C(=O)Nc1ccc(-c2csc3ccccc23)cc1,0.9955134
AOCUTRHRZMTDFG-UHFFFAOYSA-N,COc1ccc(NC(=O)C2CCN[P+]C2)cc1Br,0.9987766
HVFGALTTWKBAMB-UHFFFAOYSA-N,C[P+]([O-])=Nc1ccc(S(=O)(=O)NCc2ccc3c(c2)OCO3)cc1,0.96411407
ZRZABDFJHGMHAT-UHFFFAOYSA-N,CN1CCN(c2ccc(NC(=O)C[C-]N3CCc4ccccc4C3)cc2)CC1,0.9974704
HIISYAZADAFFGW-UHFFFAOYSA-N,C[SH]1CCC(C(=O)Nc2ccc(-c3ccncc3)cc2)CC1,0.998171
SNOSHUJQEDJPIK-UHFFFAOYSA-N,O=C(Nc1cccc(-c2ccccc2)c1)C1CCN(F)C(P)C1,0.98069394
NBNZDRMQYFRVRJ-UHFFFAOYSA-N,CN1CCN(c2ccc(NC(=[P-])OCN3CCc4ccccc4C3)cc2)CC1,0.99837494
MDYKTEQQZSSKJC-UHFFFAOYSA-N,CP=C(Br)Nc1ccc(-c2csc3ccccc23)cc1,0.99518836
SNCVOYNKNVQIFT-UHFFFAOYSA-N,c1ccc(Oc2ccc(-c3cc[b-](N4CCOCC4)cc3)cc2)cc1,0.99367493
UTIKKCMJGUGJCH-UHFFFAOYSA-N,CC(=O)Nc1ccc(S(=O)NCc2ccc3c(c2)OCO3)cc1,0.9965487
IBBJLEMUGUFTMW-UHFFFAOYSA-N,CC(=O)[S-]c1ccc(S(=O)(=O)NCc2ccc3c(c2)OCO3)cc1,0.99747306
IAYRJMWMYFXKHG-UHFFFAOYSA-N,CN1CCC(C(=O)Nc2cccc(C3=CCC=[N+]3)c2)CC1,0.99506456
BVAUGQNLDHMGNZ-UHFFFAOYSA-N,C[PH]1=CCN(c2ccc(-c3csc4ccccc34)cc2)C1,0.9926764
YTXMRQNSGPEDPU-UHFFFAOYSA-N,BC1=C(c2ccccc2NC(=O)C2CCN(C)CC2)c2ccccc21,0.9831851
IVJLMPWDVBGPQF-UHFFFAOYSA-N,CN1CCN(C2=[PH]=C=C(NC(=O)CN3CCc4ccccc4C3)C=C2)C1,0.99750656
MYKGDETWWAJMNS-UHFFFAOYSA-N,CN1CCC(C(=O)Nc2ccc(-c3ccc(C=O)cc3)cc2)CC1,0.9975904
SIAWRYPCGVACDE-UHFFFAOYSA-N,CN1[B-]CN(c2ccc(NC(=O)CN3CCc4ccccc4C3)cc2)CC1,0.9960608
IWUASKWYCKAHCV-UHFFFAOYSA-N,CN1CCC(C(=O)NC2=CC=C(c3ccc4ccccc4c3)[S-]C2)CC1,0.9944225
QZOMCXHUFUSPON-UHFFFAOYSA-N,COc1ccc(-c2ccc(NC(=O)[P-]C(C)O)cc2)cc1O,0.9919453
ZXAPEEZENJYSFN-UHFFFAOYSA-N,COc1ccc(-c2ccc(NC(=O)[C+]C(C)C)cc2)cc1O,0.99522346
XXTWINAQQZBTBU-UHFFFAOYSA-N,CC(C)C(=O)Nc1cccc(-c2csc3c(O)cccc23)c1,0.9657421
SHIGVCWGEDUWFO-UHFFFAOYSA-N,CN1CCN(c2ccc(-c3csc4ccccc34)cc2)C[P+]1,0.99316895
QZMCZFWCARPPPQ-UHFFFAOYSA-M,CN1CCC(C(=O)Nc2cccc(-c3ccccc3)c2[O-])CC1,0.98861665
UUIMROUWNKDTKU-UHFFFAOYSA-N,C=C=Cc1ccc(-c2ccc(NC(=O)C3CCN(C)CC3)cc2)cc1,0.99809986
GKCRKBJCUJWFPY-UHFFFAOYSA-N,COc1ccc(-c2ccc(NC(=O)C(C)C)cn2)cc1O,0.99477935
ZXFMNZCPDNBGRQ-UHFFFAOYSA-N,CN1CC(S)CC1C(=O)Nc1ccccc1-c1ccc2ccccc2c1,0.9884865
QOLHTMMZRFYZFP-UHFFFAOYSA-O,[C+]=[O+]Cc1ccc(-c2ccccc2NC(=O)C2CCN(C)CC2)cc1C,0.9976386
WPWGMSLLYPOOMJ-UHFFFAOYSA-N,COc1ccc(NC(=O)C2C[C-]N(C)NC2)cc1Br,0.9966635
VFVZUBGESBMFJB-UHFFFAOYSA-N,NCC(=O)Nc1ccc(-c2csc3ccccc23)cc1,0.99725324
UJFVPVLAMQPTLP-UHFFFAOYSA-N,CN1CCN(c2bcc(-c3ccc(Oc4ccccc4)cc3)cc2)CC1,0.9963325
DYOCNBKBJHARPN-UHFFFAOYSA-N,CN1CCCCC(C(=O)Nc2ccc(-c3ccc4ccccc4c3)cc2)[S-]1,0.9949485
UKMGNUDXYANINY-UHFFFAOYSA-N,[B+][SH](=O)(NCc1ccc2c(c1)OCO2)c1ccc(NC(C)=O)cc1,0.99394256
MPQUBBRRNGFFLH-UHFFFAOYSA-N,CCc1ccc(NC(=O)C2CCN(C)CC2)cc1,0.99662125
RSBMKZUYNXZRBV-UHFFFAOYSA-N,CC(C)C(=O)Nc1ccc(-c2ccc(OBr)c(O)c2)cc1,0.99834406
HZGDSGUDOLWEJP-UHFFFAOYSA-N,CC1CC1C(=O)Nc1ccc(-c2ccc3ccccc3c2)cc1,0.9803438
CSZWXLUTMZSARC-UHFFFAOYSA-N,[B+]1CCN(c2ccc(-c3ccc(Oc4ccccc4)cc3)cc2)CC1,0.99642366
WHDBUZHSIKIDLE-UHFFFAOYSA-N,c1ccc(Oc2ccc(-c3ccc(N4CCC4)cc3)cc2)cc1,0.9958444
XEPFIPLSUNYQBQ-UHFFFAOYSA-N,C[P-]C(C)C(=O)Nc1ccc(-c2cccnc2)cc1,0.9978167
SLEJXODZGKZKBZ-UHFFFAOYSA-N,C[P-][P+]c1ccc(S(=O)(=O)NCc2ccc3c(c2)OCO3)cc1,0.9963289
QYKPJNPJXOBRBF-UHFFFAOYSA-N,CC(C)C(=O)[C+]Nc1cccc(-c2csc3ccccc23)c1,0.9888115
GPQUGTJSQKZBRK-UHFFFAOYSA-N,CN1CCN(c2ccc(NC(=O)CN3Cc4ccccc4CC3=[N+])cc2)CC1,0.9876537
LUCZUEHIFUABHW-UHFFFAOYSA-N,O=C(Nc1ccc(-c2ccncc2)cc1)C1CCNCC1,0.9981035
VVYNDQCHSHZNAK-UHFFFAOYSA-N,CN1CCN(c2ccc(C3=[N+]C=C(Oc4ccccc4)C=C3)cc2)CC1,0.9943036
SNXHHYIWOSDRTH-UHFFFAOYSA-N,CN1CCN(c2ccc(NC(=O)CN3CC4=CC4C3)cc2)CC1,0.9841778
XYXFGXOWNSPCKA-UHFFFAOYSA-N,CN1CCN(c2ccc(-c3ccc([C+]c4ccccc4)cc3)cc2)CC1,0.99405247
HUTBFENALQEEFU-UHFFFAOYSA-N,C[PH]1=CCN(c2ccc(-c3csc4ccccc34)cc2)CC1,0.99185514
BSXIHUVOMUKWIO-UHFFFAOYSA-N,O=C(CN1CCc2ccccc2C1)Nc1ccc(N2CCCC[B-][S+]2)cc1,0.9981212
XNEHIGZAXMQHLK-UHFFFAOYSA-N,COc1ccc(NC(=O)C2CC[P-]2)cc1Br,0.99839157
QIBPPJHVTYEXCE-UHFFFAOYSA-P,C[S+]1C[S+](N)N1c1ccc(NC(=O)CN2CCc3ccccc3C2)cc1,0.9968225
XYGJYJFHXORVPW-UHFFFAOYSA-N,CCc1ccc(NC(=O)C2CCN(C)C2)cc1Br,0.997498
LXMZAFWCXCUOAP-UHFFFAOYSA-N,CC(C)C(=O)Nc1ccc(-c2cccnc2)cc1[P+],0.9969343
KRAJIEONZSAYPZ-UHFFFAOYSA-N,BC(Nc1cccc(-c2csc3ccccc23)c1)C(=O)[P+],0.9951733
LMNHPUKEJNWZPQ-UHFFFAOYSA-N,CN1CCC(C(=O)Nc2cccc(C3=CCN[P-]C3)c2)CC1,0.97595155
BLUWZAKWYZJBBU-UHFFFAOYSA-N,C=C1C=CC(S(=O)(=O)NCc2ccc3c(c2)OCO3)=C1NC(C)=O,0.99368423
ZHEYXKFNWKYUEZ-UHFFFAOYSA-N,[B-]Oc1ccc(-c2ccc(N3CCN(C)CC3)cc2)cc1,0.9973386
NDRKLUJTHODUAC-UHFFFAOYSA-N,CC(=O)c1ccc(S(=O)(=O)NCc2ccc3c(c2)OCO3)cc1,0.99834085
NZUNXZMDDMJZBL-UHFFFAOYSA-N,COC(=N)c1ccc(S(=O)(=O)NCc2ccc3c(c2)OCO3)cc1,0.99542576
WNDLLEKEJQPKEA-UHFFFAOYSA-N,CN(CF)c1ccc(S(=O)(=O)NCc2ccc3c(c2)OCO3)cc1,0.99747664
LNYDXWYRDXPXCR-UHFFFAOYSA-N,O=C(Nc1cccc(-c2ccccc2)c1)C1CCCC1,0.99601007
RAHFOLXSDNFBKT-UHFFFAOYSA-O,CN1CCC(C(=O)Nc2cccc(-c3cccc[s+]3)c2)CC1,0.9975189
KDXQWGANGMVQHZ-UHFFFAOYSA-N,COc1ccc(-c2ccc(NC(=O)B(C)C)cc2)cc1O,0.99712414
ZHXWOAOTYKIFND-UHFFFAOYSA-N,[C+]NCC(C)Nc1ccc(NC(=O)CN2CCc3ccccc3C2)cc1,0.9985638
JIFWXWJBZWNRTH-UHFFFAOYSA-N,CC(=O)Nc1ccc([SH](O)NCc2ccc3c(c2)OCO3)cc1,0.98819077
CVXSRVPGAOCGOY-UHFFFAOYSA-N,O=[S+]SNc1ccc(S(=O)(=O)NCc2ccc3c(c2)OCO3)cc1,0.9960509
LQTHEPPPWOCWIY-UHFFFAOYSA-N,CN1CCC(C(=O)Nc2ccccc2-c2ccc3c(S)cccc3c2)C1,0.97746164
WBCOKTZRHXXHHH-UHFFFAOYSA-N,CN1CCN(c2ccc(-c3ccc(OCC=[N-])cc3)cc2)CC1,0.9789484
VRFLHVQXNKLAAX-UHFFFAOYSA-N,CN1CCC(C(=O)Nc2ccc(-c3ccc4ccccc4c3)cc2)SC1,0.98990285
ARQGWCOEBBMTLM-UHFFFAOYSA-N,CN1CCN(c2ccc(-c3ccc(Oc4ccccc4)cc3)cc2)CO1,0.99342793
LBKGQBUTFJPEGA-UHFFFAOYSA-N,BrNc1cccc(-c2csc3ccccc23)c1,0.9861931
CNMGWIBEPJTALW-UHFFFAOYSA-N,[B+]C(=O)Nc1ccc(S(=O)(=O)NCc2ccc3c(c2)OCO3)cc1,0.99815685
XKLRCRUGGPLCOJ-UHFFFAOYSA-N,CC(C)ONc1cccc(-c2csc3ccccc23)c1,0.98402715
CJKZJIKHGAWQJO-UHFFFAOYSA-O,CC(C)C(=O)Nc1ccc(-c2csc3ccccc23)c[o+]1,0.9928022
KFYKBMCQYXEKSW-UHFFFAOYSA-N,Cc1ccc(NC(=O)C2CCN(C)[O+]C2)cc1,0.9979583
UERPKMZZYPAYAW-UHFFFAOYSA-N,CC1=PC=[S-]C2=C1CCN(CC(=O)Nc1ccc(N3CCN(C)CC3)cc1)C2,0.99228716
ADRMKQGEPSTCSI-UHFFFAOYSA-N,C[P+][S-]CC(=O)Nc1cccc(-c2csc3ccccc23)c1,0.99729484
FHRIVJMQOLZEBL-UHFFFAOYSA-N,O=C(Nc1cccc(-c2ccccc2)c1)C1CCN([S+])CC1,0.9975197
AACQOCXELNAUQI-UHFFFAOYSA-N,CN1CCC(C(=O)Nc2ccc([P+]c3ccc4ccccc4c3)cc2)CC1,0.99659723
DEPUCUNIOAIELT-UHFFFAOYSA-N,CN1CCC(C(=O)[B-]Nc2ccccc2-c2ccc3ccccc3c2)CC1,0.99167186
IJKDTNDZKFAFFA-UHFFFAOYSA-N,[B-]N1CCC(C(=O)Nc2ccc(OC)c(Br)c2)CO1,0.9985233
ZLZMKAWXTGEWAC-UHFFFAOYSA-N,CC(=O)Nc1ccc(S(=O)(=O)NCc2ccc3c(c2)OBO3)cc1,0.9886707
OWOSJXJAOMAWDS-UHFFFAOYSA-N,BC1CN(C)CCC1C(=O)Nc1ccc(-c2ccncc2)cc1,0.98413056
HMGKTSXBTUOBTI-UHFFFAOYSA-N,CN1CCC(C(O)Nc2ccccc2-c2ccc3ccccc3c2)CC1,0.9785219
NXLXQTONQIVTDZ-UHFFFAOYSA-O,[B+]=Cc1cccc(-c2ccccc2NC(=O)C2CCN(C)CC2)c1,0.995983
BJNWCWIQHMVECE-UHFFFAOYSA-N,[N+]=C1C=CC(c2ccc(N3CCOCC3)cc2)=C1Oc1ccccc1,0.9757775
SPYUKFMGLFWRDT-UHFFFAOYSA-N,COc1ccc(NC(=O)C2CNN(C)C2)cc1Br,0.99605227
WJTFCXZHIJQSFO-UHFFFAOYSA-O,C[S+]1CCC(C(=O)Nc2ccc(-c3ccncc3)cc2)CC1,0.9984847
SABKNXQIBXVNED-UHFFFAOYSA-N,Cc1ccc(NC(=O)C2CCCCCC2)cc1,0.9977518
VSCNNFWCJUHWHN-UHFFFAOYSA-N,O=C(Nc1cccc(-c2ccccc2)c1)C1CCCNCC1,0.99711263
CFPFMKUUWLQLFN-UHFFFAOYSA-N,CN1CCN(c2ccc(NC(=O)N3CCc4ccccc4C3)cc2)CC1,0.99894947
JRRIDPNEXZJVSB-UHFFFAOYSA-N,CC(C)C(=O)Nc1ccc([O+]c2cccnc2)cc1,0.9969206
XOXQGUSTCBYTSM-UHFFFAOYSA-N,CC(=O)C(=O)Nc1ccc(-c2cccnc2)cc1,0.9970073
GJJRXQICPGEAJW-UHFFFAOYSA-O,CN1CCC(C(=O)NC2=C[C+]=CC=C2c2ccc3ccccc3c2)CC1,0.986453
KVBJVYSNFMBKKI-UHFFFAOYSA-N,CN1CCN(c2ccc(NC(=O)CN3CCC4=CC=[S+]=C=C4C3)cc2)CC1,0.998133
RILNAGGUPFARDN-UHFFFAOYSA-N,CN1CCC(C(=O)Nc2ccccc2-c2ccc3c(c2)[P-]=CC=C3)CC1,0.9976501
OEPKRHFSWLACMN-UHFFFAOYSA-N,CC(C)C(=O)Bc1ccc(-c2csc3ccccc23)cc1,0.98281753
SMESXKSHZIJNOR-UHFFFAOYSA-N,CC(C=[O+])C(=O)Nc1ccc(-c2cccnc2)cc1,0.94647455
DGGAWFYPTXHVFF-UHFFFAOYSA-N,CC(C)C(=O)Oc1cccc(-c2csc3ccccc23)c1,0.99022335
JZEYCHQANIFHBD-UHFFFAOYSA-M,CN1CCC(C(=O)[N-]c2ccc(-c3ccncc3)cc2)CC1,0.98964804
WBVWBGMESGXOBT-UHFFFAOYSA-N,CN1CCC(C(=O)Nc2cccc(-c3ccccc3)c2)CC1P,0.99210924
YTTNCZLJAQATJH-UHFFFAOYSA-N,CN1CC[C+]C(C(=O)Nc2cccc(-c3ccccc3)c2)C1,0.99109906
WNDSPOGXUDYJSR-UHFFFAOYSA-N,CN1CCC(C(=O)Nc2cccc(-c3ccccc3)c2)C1,0.9973287582397461
AMBMPLFCCWTMDA-UHFFFAOYSA-N,B=S(=[O+])(NCc1ccc2c(c1)OCO2)c1ccc(NC(C)=O)cc1,0.99741226
HPIWDFGHCCUTEI-UHFFFAOYSA-N,C=C(I)C(=O)Nc1ccc(-c2csc3ccccc23)cc1,0.9948507
BYNITQGWXAIMHT-UHFFFAOYSA-N,O=C(Nc1ccc(-c2ccc3ccccc3c2)cc1)C1CCN(O)CC1,0.9974106
UFIIVMLKBIZQPZ-UHFFFAOYSA-N,C=C(Nc1ccc(-c2ccc3ccccc3c2)cc1)C1CCN(C)CC1,0.9976724
SOGNEVAIIXPLOO-UHFFFAOYSA-N,O=C(Nc1ccc(-c2ccncc2)cc1)C1CCN(C#[P+])[P+]C1,0.98520756
JZSYEDNITGGRGC-UHFFFAOYSA-N,CNOc1ccc(S(=O)(=O)NCc2ccc3c(c2)OCO3)cc1,0.99818987
ANFAIURKWVZQRS-UHFFFAOYSA-N,C#[S+]C(=O)Nc1ccc(-c2cccnc2)cc1,0.99636286
HMYIVJMFKFKGQD-UHFFFAOYSA-N,CNC(C)C(=O)Nc1ccc(-c2ccc(OC)c(O)c2)cc1,0.99527764
WJJKURRGMBQYDI-UHFFFAOYSA-N,COc1ccc(NC(=O)C2CC=NC2)cc1Br,0.995509
NUALCSSSKQPZNB-UHFFFAOYSA-N,CC(F)C(=O)Nc1ccc(-c2csc3ccccc23)cc1,0.9959745
BYWKXBLHDDUGNV-UHFFFAOYSA-N,CN1CCN(Nc2ccc(-c3csc4ccccc34)cc2)CC1,0.9880449
SWYKDOLYRGMQMA-UHFFFAOYSA-N,[B-]c1cc(-c2ccc(OC)c(O)c2)ccc1NC(=O)C(C)C,0.9951946
RJCOEPMRZKDYNH-UHFFFAOYSA-N,[C-]#COc1ccc(-c2ccc(N3CCOCC3)cc2)cc1,0.99621695
RUFJGJCYZFDVGC-UHFFFAOYSA-N,CC(=O)N=[O+]c1ccc(S(=O)(=O)NCc2ccc3c(c2)OCO3)cc1,0.9611214
DTAYMAZEFOAUAW-UHFFFAOYSA-N,CC([N-])[P+]c1ccc(S(=O)(=O)NCc2ccc3c(c2)OCO3)cc1,0.99720806
FVQDFJWUKZYGJI-UHFFFAOYSA-N,CC(BBr)C(=O)Nc1ccc(-c2cccnc2)cc1,0.9970566
ZKMKOPVCSXGRPH-UHFFFAOYSA-N,CC(=O)Nc1ccc([SH](Cl)NCc2ccc3c(c2)OCO3)cc1,0.99423546
KNGGDOVXKOKKSZ-UHFFFAOYSA-N,CN1CCC(C(=O)NC2=C(c3ccccc3)CC2)CC1,0.98680973
VEAOQVINCCJTRI-UHFFFAOYSA-N,CC(C)C(O)Nc1cccc(-c2csc3ccccc23)c1,0.96274984
SFEQUGPFNQHSNL-UHFFFAOYSA-N,CN1CCC(C(=O)Nc2cccc([N+]c3ccccc3)c2)CC1,0.9960542
SWXLHNZRWFHCLI-UHFFFAOYSA-N,CN1CCN(c2ccc(-c3ccc(Oc4ccccc4)cc3)cc2)C1,0.99144346
OYIUQRQDHNPMSP-UHFFFAOYSA-O,CC(C)C(=O)Nc1cc[p+](-c2csc3ccccc23)cc1,0.9900131
HJCQLJDJUPFXRT-UHFFFAOYSA-N,CN1CCP(#CC(=O)Nc2ccccc2-c2ccc3ccccc3c2)CC1,0.99578166
QZXXMNRFQYPWSU-UHFFFAOYSA-N,CSc1ccc(-c2ccc(NC(=O)C(C)C)cc2)cc1O,0.99781775
KIHYCDXQGBOQBZ-UHFFFAOYSA-N,CN1CCN(c2ccc(NC(=O)CN3CCc4ccccc4C3)cc2)CS1,0.99811614
JUGWGQNVOABDHL-UHFFFAOYSA-N,O=S(=O)(NCc1ccc2c(c1)OCO2)c1ccc(C[P-])cc1,0.97435004
MMIDQZICBSNTFU-UHFFFAOYSA-N,C1=CC(c2ccc(N3CCOCC3)cc2)=[N+]=[N+]=C1Oc1ccccc1,0.97583395
MSZPNCMDNOVVLB-UHFFFAOYSA-O,CC1=C(c2cccc(NC(=O)C3CCN(C)CC3)c2)C=[C+][B+]1,0.9963084
FRATUADJNRAELG-UHFFFAOYSA-N,CN1CCC(C(=O)Nc2cbccc2-c2ccc3ccccc3c2)C1,0.9934483
HHWLXJIAIHOPLW-UHFFFAOYSA-N,O=C(Nc1ccccc1-c1ccc2ccccc2c1)C1CCNCC1,0.9895113
IQWYAAUKDGDREJ-UHFFFAOYSA-N,Cc1ccccc1NC(=O)C1CCN(C)CC1,0.9973199
JBTAJWXPHUSAMK-UHFFFAOYSA-N,c1ccc(Oc2ccc(-c3ccc(N4CCNCC4)cc3)cc2)cc1,0.9940394
POKOQOLKMPVKQT-UHFFFAOYSA-N,Cc1ccc(NC(=O)C2CCN(C)C(P)C2)cc1,0.9953902
MJOVYJJALQPKOR-UHFFFAOYSA-N,CN1CCN(c2ccc(-c3ccc(NOc4ccccc4)cc3)cc2)CC1,0.99446917
ZIZJJUOZJLJOKI-UHFFFAOYSA-N,CB1CCN(c2ccc(-c3csc4ccccc34)cc2)CN1,0.9939825
HTSNZVWJPBWDOT-UHFFFAOYSA-N,COc1ccc(NC(=O)C2CCN(C)C2)cc1Br,0.9976966
AMXGBVIVDPJRPJ-UHFFFAOYSA-N,[C+][SH]1CCC(C(=O)Nc2ccc(-c3ccncc3)cc2)CC1,0.9971208
BPKDGPVDLNTYJO-UHFFFAOYSA-N,[B+][SH](NCc1ccc2c(c1)OCO2)c1ccc(NC(C)=O)cc1,0.9942158
AJYFQUVSXXGCDL-UHFFFAOYSA-N,C[N+]=CCC(=O)Nc1cccc(-c2csc3ccccc23)c1,0.99113476
HUEKFZWARCMEDI-UHFFFAOYSA-N,CC(C[C-]=O)C(=O)Nc1ccc(-c2csc3ccccc23)cc1,0.9959514
KSLFTHIEYQARFJ-UHFFFAOYSA-O,C[S+]1CCC([P+])N(c2ccc(NC(=O)CN3CCc4ccccc4C3)cc2)C1,0.99700445
CLOFFITYXAIQMS-UHFFFAOYSA-N,COc1ccc(NC(=O)C2C[B-][P-]N(C)C2)cc1Br,0.9941597
XTYIISOLHPLJRR-UHFFFAOYSA-O,CN1CCC(C(=O)Nc2cccc(C3=[C+]=CC=C[B+]3)c2)CC1,0.9945979
OCJPEQDGFZEJDV-UHFFFAOYSA-M,CC[N-]C(=O)Nc1ccc(-c2cccnc2)cc1,0.99876034
CAKLGRXELZTXPH-UHFFFAOYSA-N,Cc1ccc(NC(=O)C2CCCCC2)cc1,0.9980414
GQIZIXKNPPQREK-UHFFFAOYSA-N,CN1CCC(C(=O)Nc2cccnc2-c2ccc3ccccc3c2)CC1,0.99622214
VJEVYQZPZSTRRK-UHFFFAOYSA-N,CC(C)[P+](=O)Nc1cccc(-c2csc3ccccc23)c1,0.97431266
PXXHUQQUAHREQI-UHFFFAOYSA-M,COc1ccc(-c2ccc(NC(=O)C(C)[S-])cc2)cc1O,0.99686
IGLWOHURRHUDJQ-UHFFFAOYSA-N,C=C([C-]Nc1ccc(-c2ccc3ccccc3c2)cc1)C1CCN(C)CC1,0.997051
YYKBFMWJNCHRHD-UHFFFAOYSA-N,CN1CC[P-](C(=O)Nc2ccc(-c3ccc4ccccc4c3)cc2)CC1,0.99777216
IQCASESONKSQBV-UHFFFAOYSA-O,C[N+]=[N+]=CC(=O)Nc1cccc(-c2csc3ccccc23)c1,0.99599236
OENCXLOUOIDYSO-UHFFFAOYSA-N,Cc1pccc2c1CCN(CC(=O)Nc1ccc(N3CCN(C)CC3)cc1)C2,0.99379337
QPQITJUGZUOKMH-UHFFFAOYSA-N,CN1CCC([N+](=O)Nc2ccccc2-c2ccc3ccccc3c2)CC1,0.9912623
KAWDIGYEDQDHRA-UHFFFAOYSA-N,CC(C)C(=O)Nc1ccc(-c2cccnc2)cc1N,0.996287
KJWPAUVQEDNEAA-UHFFFAOYSA-O,C[C+]1CCC(C(=O)Nc2ccccc2-c2ccc3ccccc3c2)CC1,0.99587965
SQHWQRXUGRHNMB-UHFFFAOYSA-N,CC(=O)Nc1ccc([SH](=O)([P-])NCc2ccc3c(c2)OCO3)cc1,0.9971666
ADIXYCRCDITYTQ-UHFFFAOYSA-N,COc1ccc(-c2ccc(N3CCCC3)cc2)cc1,0.9966186
CIMUPGHHXYTGKP-UHFFFAOYSA-N,B[C-]c1ccc(NC(=O)C2CCN(C)CC2)cc1Br,0.9986092
KJOLBXLPMPPTLV-UHFFFAOYSA-N,CN1C=[N+]C(C(=O)Nc2ccc(-c3ccncc3)cc2)CC1,0.99576735
ATTGZSJNKGIPHI-UHFFFAOYSA-N,Bc1cc(S(=O)(=O)NCc2ccc3c(c2)OCO3)ccc1NC(C)=O,0.99789643
KWCGCFMGMXBXPR-UHFFFAOYSA-N,CN1CCC(C(=O)Nc2ccc(-c3ccncc3O)c(O)c2)CC1,0.98454547
IFKNPOQEJUZGSR-UHFFFAOYSA-N,CN1CCC(C(=O)Nc2cccc(C3C=C[S-]=C3)c2)CC1,0.98645693
VOCQGSBFQQFKAL-UHFFFAOYSA-N,CN1CCC(C(=O)NC2=C[SH]=C(c3ccc4ccccc4c3)C=[P+]2)CC1,0.9955381
UDTFWTSIHSQGKN-UHFFFAOYSA-N,CN1CCC(C(=O)Nc2ccccc2-c2ccc3ccccc3c2)NC1,0.9773212
OBTYXSNOBLMGJE-UHFFFAOYSA-N,CC(C)CNc1ccc(-c2csc3ccccc23)cc1,0.9924078
IMSLMZITFMAGFX-UHFFFAOYSA-N,CN1CCC(C(=O)[S+]c2ccc(-c3ccncc3)cc2)CC1,0.9931271
UGNBXSCSEJVTCW-UHFFFAOYSA-O,COc1ccc(NC(=O)C2CC[S+](C)NC2)cc1Br,0.99734086
QWIALIKJUQYFKJ-UHFFFAOYSA-N,CC(=O)Nc1ccc(S(=O)(=O)NCc2ccc3cc2OCON3)cc1,0.9963691
KIVSBDHMUAQYHR-UHFFFAOYSA-N,CC(C)C(=O)Nc1cccc(-c2csc3c2CC3)c1,0.99591535
OYQYUGHBAYTFSD-UHFFFAOYSA-N,[B-]COc1ccc(NC(=O)C2CCN(C)CC2)cc1Br,0.9983992
JCPGSWWUEWOWBC-UHFFFAOYSA-N,CC(C)[P-]C(=O)Nc1ccc(-c2csc3ccccc23)cc1,0.9966439
XVRGDYSJFSIGLY-UHFFFAOYSA-N,CN1CCC(C(=[S-])Nc2ccc(-c3ccncc3)cc2)CC1,0.99655163
MOLDAIHJWMSJMM-UHFFFAOYSA-O,C[N+]=C=[O+]C(=O)Nc1cccc(-c2csc3ccccc23)c1,0.99145633
NRABVJUSXWDGIA-UHFFFAOYSA-N,CC(Br)Nc1ccc(-c2csc3ccccc23)cc1,0.98542434
AKKBNRKUELSQOU-UHFFFAOYSA-N,C[C-]c1ccc(NC(=O)C2CCN(C)CC2)cc1Br,0.9987016
WGPMWIGQLJLUHT-UHFFFAOYSA-O,CN1CCC(C(=O)Nc2cccc(C3=C[S+]=C=[S+]3)c2)CC1,0.9988967
XICYICKKQADOBY-UHFFFAOYSA-N,CN1CCN(c2ccc(NC(=O)CN3Cc4ccccc4[N+]=[P+]3)cc2)CC1,0.9913946
MMKNANCWLCCRMV-UHFFFAOYSA-N,CC(C)C(=O)Nc1ccc2c(-c3ccccc3)csc2c1,0.98939997
AQCMJWRHDAIIQV-UHFFFAOYSA-N,C[P-](C)C(=O)Nc1ccc(-c2cccnc2)cc1,0.9982426
XHSBTVSIBBYSQE-UHFFFAOYSA-N,C[P+]CSc1cccc(-c2ccccc2NC(=O)C2CCN(C)CC2)c1,0.9989786
ZCYRPQHURMBJRW-UHFFFAOYSA-N,CN1CCN(c2ccc(-c3cnccc3Oc3ccccc3)cc2)CC1,0.99180835
OCFDBSMPJZTFHZ-UHFFFAOYSA-N,O=C(C[S-][S+])Nc1ccc(-c2csc3ccccc23)cc1,0.99710244
LTAQKVZCAWAINK-UHFFFAOYSA-N,CC([O-])C(=O)Nc1ccc(-c2cccnc2)cc1,0.9976248
MDGBIWBDMSSAOJ-UHFFFAOYSA-N,C=C1C=NC(c2ccc(NC(=O)C3CCN(C)CC3)cc2)=C1I,0.9975768
TZNMDTZBPRMFAV-UHFFFAOYSA-N,CCCC(=O)Nc1ccc(-c2cccnc2)cc1,0.99917126
UQNYEKKGDKBOAH-UHFFFAOYSA-N,CC(C)C(=O)Nc1cccc(-c2csc3c2[SH]=C3)c1,0.99565625
CBJCAFCAPFJRJY-UHFFFAOYSA-N,CC([N+])C(=O)Nc1ccc(-c2cccnc2)cc1,0.9977623
RMCIKSHWZICKNB-UHFFFAOYSA-N,[C+]C(C)Nc1ccc(-c2csc3ccccc23)cc1,0.9793367
LJVLSTDPURHNES-UHFFFAOYSA-N,CN1CCN(C2=C=C(NC(=O)CN3CCc4ccccc4C3)C=C2)CC1,0.99775094
GFOYWSNFRKJIKJ-UHFFFAOYSA-N,O=C(Nc1ccccc1-c1ccc2ccccc2c1)C1CCC=NCC1,0.9936824
VOHRVCJIQDBBCR-UHFFFAOYSA-N,BCC=Cc1ccc(-c2ccc(NC(=O)C3CCN(C)CC3)cc2)cc1,0.9982482
HRSDPHCHDFXVEC-UHFFFAOYSA-N,COc1ccc(-c2ccc(N3CC#CC3)cc2)cc1,0.98910296
LQUNLVIXPGPHEF-UHFFFAOYSA-N,CN1CCC(C(=O)Nc2ccc(-c3ccccccc4cc3-4)cc2)CC1,0.99854904
NWJKQILTXJZIET-UHFFFAOYSA-N,[B+]=C(Nc1ccc(-c2csc3ccccc23)cc1)C(B)C,0.99786395
BMRNQHGHPPWNRI-UHFFFAOYSA-O,CC(=O)Nc1ccc(S(=O)(=[O+])NCc2ccc3c(c2)OCO3)c[p+]1C,0.99532497
CDEQUKGZIJXPGA-UHFFFAOYSA-N,CC(=[P+])C(=O)Nc1cccc(-c2csc3ccccc23)c1,0.9976138
YUOCHRNPITVNLV-UHFFFAOYSA-N,CN1CCN(c2ccc(-c3ccc(OC=[N+])cc3)cc2)CC1,0.9875525
CARYPGHFVVLQHE-UHFFFAOYSA-N,[B-]N1CCC(C(=O)Nc2ccccc2-c2ccc3ccccc3c2)CC1,0.99665904
NPKALFYBRURSBG-UHFFFAOYSA-O,CN1C[C+]=C(Nc2ccc(NC(=O)CN3CCc4ccccc4C3)cc2)CC1,0.9952114
UIHKPUXDHSYTNQ-UHFFFAOYSA-N,Cc1c2cccc1N(CC(=O)Nc1ccc(N3CCN(C)CC3)cc1)C2,0.9945464
CKTYOCNTWFIQCM-UHFFFAOYSA-N,CC(I)C(=O)Nc1ccc(-c2csc3ccccc23)cc1,0.9966897
COJUOLDOHMXALQ-UHFFFAOYSA-N,CN1CCC(C(=O)Nc2cc[c-]c(-c3ccccc3)c2)C1,0.9982919
LXDABJKYDVAHRV-UHFFFAOYSA-N,COc1cc[p+](-c2ccc(N3CCN(C)CC3)cc2)cc1,0.99563605
TYASQDBGNBIUHU-UHFFFAOYSA-N,CC(=O)Nc1ccc(S(=O)(=O)NCc2cc3cc(c2)OO3)cc1,0.9975593
XXBRELLMKNSENR-UHFFFAOYSA-N,COc1ccc(-c2ccc(NC(=O)F)cc2)cc1O,0.9981944
NLOYSEKPUKFTHB-UHFFFAOYSA-N,c1ccc2c(-c3ccc(N4CCCNCC4)cc3)csc2c1,0.9948867
NPDGBUVUMPGPDQ-UHFFFAOYSA-N,COc1ccc(NC(=O)C2C(C)CNN2C)cc1Br,0.983395
WRFSWLFMOJWGCN-UHFFFAOYSA-N,CN1CCN(c2ccc(NC(=O)CN3CCc4c(ccpc4[S+])C3)cc2)CC1,0.99359137
PTOTVNWFIPDDFM-UHFFFAOYSA-N,CN1CCC(c2ccc(NC(=O)CN3CCc4ccccc4C3)cc2)C1,0.99438536
CFIILAHAFXMOCT-UHFFFAOYSA-N,CN1C[P-]CCC(C(=O)Nc2cccc(-c3ccccc3)c2)C1,0.9944141
FSUMBJSTVULFMZ-UHFFFAOYSA-M,CC([S-])C(=[P+])Nc1ccc(-c2csc3ccccc23)cc1,0.9956631
UOJBNHFJFFFEML-UHFFFAOYSA-N,CC(=O)Nc1ccc(S(=O)(=O)NCc2ccc3c(c2)OCB3)cc1,0.9957353
UAWOXAXFANZYOT-UHFFFAOYSA-N,CC(=O)NC1=CC=C(S(=O)(=O)NCc2ccc3c(c2)OCO3)[N-]C1,0.99553347
CPZLQOIVDDVCLE-UHFFFAOYSA-N,CC(=O)[P+]c1bcc(S(=O)(=O)NCc2ccc3c(c2)OCO3)cc1,0.9950323
ZNSBPGPIJZQUJB-UHFFFAOYSA-N,CN1CCC(C(=O)Nc2ccc(-c3ccncc3)cc2)C[P+]1,0.99642015
UNNUCJKLIIUREF-UHFFFAOYSA-O,CN1CCC(C(=O)Nc2cccc(-c3ccccc3)c2)C[C+]1P,0.9965191
LGGAVCVVPPFYKW-UHFFFAOYSA-N,COc1cnc(-c2ccc(NC(=O)C(C)C)cc2)cc1O,0.99676883
ZUFPQDGRTTVXJQ-UHFFFAOYSA-N,CN1CCC(CNc2ccccc2-c2ccc3ccccc3c2)CC1,0.98942834
SARUBEQGHSJZTN-UHFFFAOYSA-N,CC([S+])C(=[B-]=O)Nc1ccc(-c2csc3ccccc23)cc1,0.9943368
MRJBFSFGIHGXDL-UHFFFAOYSA-N,CN1CC(c2ccc(NC(=O)CN3CCc4ccccc4C3)cc2)CN1,0.991712
KKHRWZACIBGZHA-UHFFFAOYSA-N,Cc1ccc(NC(=O)C2CCNCC2)cc1,0.9983113
SOWRLVJZYCDODD-UHFFFAOYSA-N,[P+]N1CCN(c2ccc(-c3csc4ccccc34)cc2)CC1,0.99684024
RHMGPPPBQRQBJJ-UHFFFAOYSA-N,O=C[B-]#CNc1ccc(S(=O)(=O)NCc2ccc3c(c2)OCO3)cc1,0.9914141
XJKHEMYLPZFEHU-UHFFFAOYSA-N,COc1ccc(-c2ccc(NC(=O)CCO)cc2)cc1O,0.9974796
FJCQBUPKKJGCGE-UHFFFAOYSA-N,CN1CCN(c2ccc(-c3ccc(Oc4ccccc4)nc3)cc2)CC1,0.99102074
OEDKLDARSZYGEU-UHFFFAOYSA-O,CN1CCC([B+]C(=O)Nc2ccc(-c3ccncc3)cc2)CC1,0.99612457
COKFNYGMZCLPRR-UHFFFAOYSA-N,CN1CCC(C(=O)Nc2ccc(C3=[P+]C=NC=C3)cc2)CC1,0.99262226
KKHDOCXYYPVSEW-UHFFFAOYSA-N,C[C-]c1ccc(-c2ccc(NC(=O)C(C)C)cc2)cc1O,0.9951846
ZBYALSTWIXHWSZ-UHFFFAOYSA-N,O=S(=O)(NCc1ccc2c(c1)OCO2)c1ccc(O[P-])cc1,0.9980286
PNFORHAZBYFPNW-UHFFFAOYSA-N,CN1CCC(C(=O)Nc2ccc(-c3ccc4ccccc4c3)cc2)C1,0.99532
ZBBHZUNUOOJMSI-UHFFFAOYSA-N,Cc1pccc2c1CCN(CC(=O)Nc1ccc(N3CCN(C)C3)cc1)C2,0.9937935
IIXDZDZJWQBKCF-UHFFFAOYSA-N,[B+]C(CO)C(=O)Nc1ccc(-c2cccnc2)cc1,0.99421
FZRRZVILZBXPLH-UHFFFAOYSA-N,COc1ccc(-c2ccc(NC(=O)C[S-](C)O)cc2)cc1O,0.9957858
YTVAKVMZZDFKIM-UHFFFAOYSA-N,CN1CCN(c2ccc(Cc3ccc(Oc4ccccc4)cc3)cc2)CC1,0.9960329
WMTZWTHJPUNHLY-UHFFFAOYSA-N,CN1CCC(C(=O)Nc2ccc(-c3ccc4cbccc4c3)cc2)CC1,0.99830014
WLVGQEPBBCDTKS-UHFFFAOYSA-N,COc1ccc(-c2ccc(N3CCN([N-])CC3)cc2)cc1,0.99705625
OVHRHOCDWQZBLO-UHFFFAOYSA-N,O=C(Nc1cccc(-c2ccccc2)c1)C1CCN(CO)CC1,0.99550784
DJRBXNNHHPJPTN-UHFFFAOYSA-N,CN1CC[SH]C(C(=O)Nc2ccccc2-c2ccc3ccccc3c2)CC1,0.9909059
DFDRGURQXNFRSW-UHFFFAOYSA-N,CN1CCN(C2=[PH]=[S-]=C(NC(=O)CN3CCc4ccccc4C3)C=C2)CC1,0.99741673
LROLVUNGPYLIPZ-UHFFFAOYSA-N,COc1ccc(NC(=O)C2C#CN(C)CC2)cc1Br,0.98826456
XNRLVRRDQMADSZ-UHFFFAOYSA-N,CC(=O)Nc1ccc(S(=O)(=O)[P+]NCc2ccc3c(c2)OCO3)cc1,0.98446554
DLYDHYGWUNZDSH-UHFFFAOYSA-N,CC(=O)Nc1ccc(S(=O)(=O)N=[C-]Cc2ccc3c(c2)OCO3)cc1,0.9508149
RHPONQFGTNIJPT-UHFFFAOYSA-N,BN1CCC(C(=O)Nc2ccc(-c3ccc4ccccc4c3)cc2)CC1,0.995756
PRAJSRXKTYNWRF-UHFFFAOYSA-N,[B-]=C(Br)Nc1cccc(-c2csc3ccccc23)c1,0.99513334
WLJVXMFTYBWLFP-UHFFFAOYSA-N,CC(C)C(=O)Nc1cccc(-c2csc3c2C=C3)c1,0.9955289
SKAWJHHPSABLAN-UHFFFAOYSA-N,CC(C)C(=O)Nc1ccc(-c2cnccc2[O+])cc1,0.9949122
LLBYYPLNQSZRIX-UHFFFAOYSA-N,CC#[P+](C)C(=O)Nc1ccc(-c2cccnc2)cc1,0.99825805
CBAUKPFUCVDZRN-UHFFFAOYSA-N,CC1=CC(c2cccc(NC(=O)C3CCN(C)CC3)c2)=C1,0.9953661
LKMPJHVRTSAJQP-UHFFFAOYSA-N,CN1CCN(c2ccc(NC(=O)CN3CCc4ccccc4C3)cc2)C#[P-]O1,0.9971154
YFELCJXIWANCBC-UHFFFAOYSA-N,COc1ccc(NC(=O)C2CCNCC2)cc1Br,0.998357
PFIFIWNNSGFKDW-UHFFFAOYSA-N,CC(O)Nc1ccc(-c2cccnc2)cc1,0.9920089
BSKJIGHVKUVQNK-UHFFFAOYSA-N,C[P-](C)C(=O)Nc1ccc(-c2csc3ccccc23)cc1,0.9937929
UILMAAVVMUQFJR-UHFFFAOYSA-O,CN1CCC(C(=O)Nc2cccc(C3=[C+]=CC=[N+](C)C3)c2)CC1,0.97946703
WHFQYXFAYMYSRA-UHFFFAOYSA-N,O=C(CS)Nc1ccc(-c2csc3ccccc23)cc1,0.99566466
RBPMQOMYNLPNTM-UHFFFAOYSA-N,[C-]=C(Nc1ccc(OC)c(Br)c1)C1CCN(C)CC1,0.99676114
MKKAWOFSXSSGSM-UHFFFAOYSA-N,O=S(=O)(NCc1ccc2c(c1)OCO2)c1ccc(CF)cc1,0.99783605
JWGOHZPTCFEDDV-UHFFFAOYSA-N,C[N+]1CCC(C(=O)Nc2ccc(-c3ccc4ccccc4c3)cc2)CN1,0.89304316
WNVCPVZXJDTDOA-UHFFFAOYSA-N,CN1CCC(C(=O)NC2=CC=C[P+]=C2c2ccc3ccccc3c2)CC1,0.9957159
ZXXJVJFDSPDJJX-UHFFFAOYSA-O,CN1CCC(C(=O)Nc2cccc(C3=[N+]=CC=CC3)c2)CC1,0.99706036
SVJXEXWCFKBUFX-UHFFFAOYSA-N,C#CB=Cc1ccc(-c2ccc(NC(=O)C3CCN(C)CC3)cc2)cc1,0.997329
REWXVXMDZSMCQZ-UHFFFAOYSA-N,COc1ccc(-c2ccc(NC(=O)[P-](C)C)cc2)cc1O,0.99813026
VOFMMUDHEWBOGS-UHFFFAOYSA-N,BOc1ccc(NC(=O)C2CCCC2)cc1Br,0.9983973
PUHNFIWDJLJSCC-UHFFFAOYSA-N,BP1C(C(=O)Nc2ccc(-c3ccncc3)cc2)CCN1C,0.99710387
KPMIWZORERJIJV-UHFFFAOYSA-N,COc1ccc(NC(=O)C2CCN(C)[P+]C2)cc1Br,0.9981667
XMODCPUVQXDTMV-UHFFFAOYSA-N,CN1CCN(c2ccc(C3=CC=C(Oc4ccccc4)C3)cc2)CC1,0.96405023
CIJGBMIZQWFUFR-UHFFFAOYSA-N,O=C([O+])C(=O)Nc1ccc(-c2cccnc2)cc1,0.99845994
DDMZIBNZRURZJX-UHFFFAOYSA-N,O=C(Nc1cccc(-c2ccccc2)c1)C1CCN([P-])CC1,0.997396
KNNTTZMOLQBRHG-UHFFFAOYSA-N,NC([O+])C(=O)Nc1ccc(-c2csc3ccccc23)cc1,0.9958769
RDHJXSARVKRBEU-UHFFFAOYSA-N,COc1ccc(-c2c[c-]c(N3CCN(C)CC3)cc2)cc1,0.99558854
ZDWTZGSCHNCORZ-UHFFFAOYSA-N,CC(=O)Nc1ccc(S(=O)(=O)N[P-]Cc2ccc3c(c2)OCO3)cc1,0.99593383
ZFLQKYJIXHODBH-UHFFFAOYSA-N,CN1CCC(C(=O)Nc2c[c-]c(-c3ccc4ccccc4c3)cc2)C1,0.99193233
AMEMWQFMEXQERD-UHFFFAOYSA-N,CN1CCC(C(=O)NBc2ccccc2-c2ccc3ccccc3c2)CC1,0.9946254
YWYGZHMCTUWYIH-UHFFFAOYSA-N,O=C(Nc1cccc(-c2ccccc2)c1)C1CCN(BO)C1,0.9962894
DPQGUJGWHSVKKS-UHFFFAOYSA-N,[C-]CCC([S+])C(=O)Nc1cccc(-c2csc3ccccc23)c1,0.9975068
UKGFLITXVDDSTB-UHFFFAOYSA-N,CSN1CCC(C(=O)Nc2ccc(C)cc2)C1,0.9947455
OMHRQCOBMBETKZ-UHFFFAOYSA-N,CN1CCC(C(=O)Nc2cc[c-]c(Br)c2)CC1,0.99759763
DSMNHMAEOJOGGF-UHFFFAOYSA-N,CN1CCC(C(=O)Nc2ccc(-c3ccncc3)cc2)[P-]C1,0.9921089
YOIHLMRDEPLVEI-UHFFFAOYSA-N,[B-][SH](NCc1ccc2c(c1)OCO2)c1ccc(NC(C)=O)cc1,0.9929381
YJYAJRBIANIVQR-UHFFFAOYSA-N,CN1CCC(C(=O)NC2=C=[S-]=C(c3ccc4ccccc4c3)C=C2)CC1,0.9935667
VZYJNDCGBWWQOC-UHFFFAOYSA-N,CN1CCN(c2ccc(-c3ccc(O)cc3)cc2)CC1,0.9967447519302368
PVZFLOWSONPGLF-UHFFFAOYSA-N,[B+](c1ccc(Oc2ccccc2)cc1)c1ccc(N2CCOCC2)cc1,0.9935082
JPXIUCFUAWZESR-UHFFFAOYSA-O,C=[P+](C)C(=O)Nc1cccc(-c2csc3ccccc23)c1,0.99681
REULXCHWIDCJFD-UHFFFAOYSA-N,Cc1ccc(NC(=O)C2C[O+]CCN(C)C2)cc1,0.9931318
ALFWIMUBRCKLSI-UHFFFAOYSA-O,O=C(Nc1cccc(-c2csc3ccccc23)c1)[P+]1=CC1,0.99561477
SYYDYEPTCFCSFS-UHFFFAOYSA-N,CC(=O)Nc1ccc(S(=O)(=O)NCc2ccc3c(c2)[B-]CO3)cc1,0.99546427
GCLGLRIEAZUHNI-UHFFFAOYSA-N,C=Cc1cc(-c2ccc(NC(=O)C3CCN(C)CC3)cc2)ccc1C,0.9978842
KSHIXXHWHQUCTR-UHFFFAOYSA-N,[N+]N1CCC(C(=O)Nc2ccc(-c3ccncc3)cc2)C[P+]1,0.99757963
AGEWBYUSCISJSS-UHFFFAOYSA-N,[B-]ON1CCC(C(=O)Nc2cccc(-c3ccccc3)c2)CC1,0.9975727
IYFKQVOBWDOZMI-UHFFFAOYSA-N,C#CC=Cc1ccc(-c2ccccc2NC(=O)C2CCN(C)CC2)cc1,0.99780434
MCKJLILZCJCCTC-UHFFFAOYSA-N,CCC(=O)Nc1ccc(-c2ccc(OC)c(O)c2)cc1,0.9982492
VHIDZSOVKSCTJT-UHFFFAOYSA-N,CC(I)[P+]=C(O)Nc1ccc(-c2csc3ccccc23)cc1,0.99517643
YFYIJDGIWXFAPI-UHFFFAOYSA-O,CN1CC[O+](c2ccc(NC(=O)CN3CCc4ccccc4C3)c[o+]2)CC1,0.99355125
SLXIATJPLXIXAO-UHFFFAOYSA-N,[B+]=C(ONc1ccc(OC)c(Br)c1)C1CCN(C)CC1,0.9929589
PHBJZSMVSNEZMM-UHFFFAOYSA-N,[C+][B-](c1ccc(NC(=O)C2CCN(C)CC2)cc1)c1ccc2ccccc2c1,0.99778545
BGVSROYZUAJLNJ-UHFFFAOYSA-O,CN1[B+]CC(C(=O)Nc2ccc(-c3ccncc3)cc2)CC1,0.9981793
PAWHBEPGPHOHMK-UHFFFAOYSA-N,[CH-]c1ccc(NC(=O)C2CCN(C)CC2)cc1Br,0.99746644
RLPQCNSYBBTOPD-UHFFFAOYSA-N,[B-]c1c(CNS(=O)(=O)c2ccc(NC(C)=O)cc2)ccc2c1OCO2,0.991928
DVYPDVJPTKMNQL-UHFFFAOYSA-N,Cc1ccc(NC(=O)C2CCN(C)CN2)cc1,0.9935948
CEESHEKQHCZDGV-UHFFFAOYSA-N,CN1CCC(C(=O)Nc2ccccc2-c2ccc3c(c2)[N+]=CC=C3)CC1,0.99658597
VDSJJJXJCKOUEX-UHFFFAOYSA-N,[B-]C(O)C(=O)Nc1ccc(-c2cccnc2)cc1,0.99695635
CBLHZWGGIHFCKO-UHFFFAOYSA-N,COc1ccc(NC(=O)C2CCCNCC2)cc1Br,0.9982994
ZDNCCXUQIXXFCY-UHFFFAOYSA-N,[C+]N1CCN(c2ccc(NC(=O)CN3CCc4ccccc4C3)cc2)CC1,0.9990159
SCONCZCGAPXNJO-UHFFFAOYSA-O,CN1CCN(c2ccc(NC(=O)C[B+]N3Cc4ccccc4C3)cc2)C1,0.9930294
BIKSSSNVARPFTK-UHFFFAOYSA-N,CCOc1ccc(-c2ccc(N3CCN(C)CC3)cc2)cc1,0.996816
DIZABNVZXQQYQF-UHFFFAOYSA-N,CN1CCC(C(=O)Nc2ccc(Sc3cccccccnc3)cc2)CC1,0.9980934
UCDAXMXWAWNXQI-UHFFFAOYSA-N,CC(=O)Nc1ccc(S(=O)(=O)N[C-]Cc2ccc3c(c2)OCO3)cc1,0.9904233
WHCHLYKFHMNENZ-UHFFFAOYSA-N,[B-]1CCN(c2ccc(-c3ccc(Oc4ccccc4)cc3)cc2)CC1,0.9945344
XZYZSNLZFRENKC-UHFFFAOYSA-N,C[P+](Cl)C(=O)Nc1cccc(-c2csc3ccccc23)c1,0.9968554
QRLSUFPFIXDLPF-UHFFFAOYSA-N,CN1CCC(C(=O)Nc2ccc([O+]c3ccc4ccccc4c3)cc2)CC1,0.99818295
MFMDHPZUXJUVMP-UHFFFAOYSA-N,CN1CCC(C(=O)Nc2cccc(C3=CC=CC[C-]3)c2)CC1,0.9869806
PNHDBHJLXRDNME-UHFFFAOYSA-N,CN1[B-]CCC(C(=O)Nc2cccc(-c3ccccc3)c2)CC1,0.9942789
NUGWETGGLJLNOS-UHFFFAOYSA-N,O=C(Nc1ccccc1-c1ccc2ccccc2c1)C1CC=NCCC1,0.988644
JIVBTOSFWGROIG-UHFFFAOYSA-O,C[S+]1C[S+](N)=CN1c1ccc(NC(=O)CN2CCc3ccccc3C2)cc1,0.9973652
LRPPSQUJZWZOPV-UHFFFAOYSA-N,[N-]C(S)C(=O)Nc1ccc(-c2csc3ccccc23)cc1,0.997511
IEZPVLVPQWGOMX-UHFFFAOYSA-N,CC=Cc1cc(-c2ccccc2NC(=O)C2CCN(C)CC2)ccc1Cl,0.997832
LGYBBRHOIOSRAH-UHFFFAOYSA-N,CN1CCN(c2ccc(NC(=O)[C-]CN3CCc4ccccc4C3)cc2)CC1,0.99823284
KFXZZARGRYBVKU-UHFFFAOYSA-N,O=C(Nc1ccccc1-c1ccc2ccccc2c1)C1CCCCC1,0.99576074
RAEWNZLSYPIXJD-UHFFFAOYSA-N,CN1CCN(c2ccc(NC(=O)CN3Cc4ccccc4CC3N=[N+])cc2)CC1,0.971845
NUKBPBKHEVEACU-UHFFFAOYSA-N,COc1ccc(NC(=O)C2CCCC2)cc1Br,0.99867404
OKSRODGXPVBORS-UHFFFAOYSA-N,CN1CCN(c2ccc(-c3ccc(OS)cc3)cc2)CC1,0.9969927
PTNYWPFIQDUIOM-UHFFFAOYSA-N,BN1CCC(C(=O)Nc2ccc(-c3ccc4ccccc4c3)cc2)C1,0.994132
NAAKQAFKDVFHAR-UHFFFAOYSA-N,Cc1ccc(NC(=O)C2[C-]CN(C)CC2)cc1,0.9915455
SOPSVDLJDNYAJA-UHFFFAOYSA-N,CC(=O)NNc1ccc(-c2csc3ccccc23)cc1,0.96366763
XAQGXUAIBPEQTK-UHFFFAOYSA-N,CN1CCC(C(=O)Nc2ccc(-c3ccc4c(c3)C4)cc2)C1,0.9958984
LLUOEQWTVSNICD-UHFFFAOYSA-N,O=[S+][B-]Nc1ccc(S(=O)(=O)NCc2ccc3c(c2)OCO3)cc1,0.99493223
OJPYQXGJQDVYDH-UHFFFAOYSA-N,CN1CCN(c2ccc(-c3ccc(Oc4ccccc4)cc3)cc2)[O+]C1,0.989499
CZZZAQIBVXXNRC-UHFFFAOYSA-N,CN1CCC(C(=O)Nc2ccccc2)CC1,0.9967538714408875
UWEBOSLFYIEHRY-UHFFFAOYSA-N,CN1CCC(C(=O)Nc2ccc(-c3ccncc3I)cc2)CC1,0.9971016
SYOIUABNCATFQU-UHFFFAOYSA-N,COc1ccc(-c2ccc(NC(=O)C(C)I)cc2)cc1O,0.9945228
BBTHHGMYSXGDHG-UHFFFAOYSA-N,CC(C)C(=O)Nc1c[c-]c(-c2csc3ccccc23)cc1,0.97962064
ZXWIODNZBVLHSW-UHFFFAOYSA-N,CN1CCC(C(=O)Nc2cccc(-c3ccccc3)c2)C#[P-]1,0.99415743
SEJBCLXTHORBLC-UHFFFAOYSA-N,CC(=[N+])[S-]C(=O)Nc1cccc(-c2csc3ccccc23)c1,0.9972799
BPAGAWRXWLBDGH-UHFFFAOYSA-N,C[N+]=C[C-]=[S-]C(=O)Nc1cccc(-c2csc3ccccc23)c1,0.9903356
FNTGNORLAOTLHG-UHFFFAOYSA-N,CC(O)C(=O)Nc1ccc(-c2cccnc2)cc1,0.9976921
RRJIDQWVWFKNLY-UHFFFAOYSA-N,[B+](C[O+]c1ccc(N2CCOCC2)cc1)c1ccc(Oc2ccccc2)cc1,0.98552215
OFOGMKKMBYWJCE-UHFFFAOYSA-N,COc1ccc(-c2ccc(NC(C)=O)cc2)cc1O,0.9958332
VHRZPACRFBDDDF-UHFFFAOYSA-N,CC1CCC(C(=O)Nc2ccccc2-c2ccc3ccccc3c2)C1,0.98680204
USBLKRGIRHLJOK-UHFFFAOYSA-N,COc1ccc(-c2ccc(N3CCNCC3)cc2)cc1,0.995099
CUMIISVWQGGIRE-UHFFFAOYSA-N,CC(=S)C(=O)Nc1ccc(-c2cccnc2)cc1,0.9957064
PANDKYBSRSEUFJ-UHFFFAOYSA-N,B#CC(=O)Nc1cccc(-c2csc3ccccc23)c1,0.99766636
OAEWTJIGUXGIMW-UHFFFAOYSA-N,CN1CC(C(=O)Nc2cccc(-c3ccccc3)c2)CC1P,0.99525297
FEHVSVCPKOAXRG-UHFFFAOYSA-N,COc1ccc(-c2ccc(NC(=O)CCI)cc2)cc1O,0.9979511
FEMDSEGBKRJMAD-UHFFFAOYSA-N,CN1CCC(C(=O)Nc2cccc(C3=C=[C-][P+]C[C-]3)c2)CC1,0.99782854
XGRPPUZJLBWAME-UHFFFAOYSA-N,CN1CCC(C(=O)NC2CC=C2c2ccc3ccccc3c2)CC1,0.9564622
DSHCDNVSWBJZDQ-UHFFFAOYSA-N,[B+][C-]N1CCN(c2ccc(-c3ccc(OC)cc3)cc2)CC1,0.9959721
BTFMECCPUUHXPK-UHFFFAOYSA-N,[N+]=CCC(=O)Nc1cccc(-c2csc3ccccc23)c1,0.99311596
AHXYUFFLSMVMHD-UHFFFAOYSA-N,Cc1ccc(NC(=O)C2CCN(C)CC2[O+])cc1,0.9846709
FIGGSFQYDQNYFA-UHFFFAOYSA-N,CN1CCC(C(=O)Nc2cccc(-c3ccccc3)c2)CN1,0.99379444
WRVMXWDSVLRRGT-UHFFFAOYSA-N,CN1CCC(C(=O)Nc2ccc(OBr)cc2)CC1,0.99815685
MVADQMYOKNNZCX-UHFFFAOYSA-N,CC1=CC(c2cccc(NC(=O)C3CCN(C)CC3)c2)=[C-]1,0.99712867
XGIQFOFSEXMOTC-UHFFFAOYSA-N,Cc1ccc(NC(=O)C2CCN(C)C2)cc1,0.99731964
XKRQLCCPWFBJBP-UHFFFAOYSA-N,[c-]1cc(N2CCOCC2)ccc1-c1ccc(Oc2ccccc2)cc1,0.99561936
NTXRBMKMFWPELM-UHFFFAOYSA-N,CN1CCC(C(Nc2ccc(-c3ccncc3)cc2)=[P-]=[P+])CC1,0.995828
BWUAUQDNBCPLQM-UHFFFAOYSA-N,COc1ccc(NC(=O)C2CCCNC2)cc1Br,0.99865496
BYNMISMQVOETLG-UHFFFAOYSA-N,CC(=O)NC1=[S+]=C(S(=O)(=O)NCc2ccc3c(c2)OCO3)C=C1,0.9963844
UHSBUJYANYSQTM-UHFFFAOYSA-N,CC1[B-]CN(c2ccc(NC(=O)CN3CCc4ccccc4C3)cc2)C1,0.99898356
BXDUFYGTBQUHBO-UHFFFAOYSA-N,C[B+]c1ccc(-c2ccc(N3CCN(C)CC3)cc2)cc1,0.9907203
GASAAKVDYGKWNF-UHFFFAOYSA-N,CN1CCC(C(=O)Nc2ccccc2-c2ccc3c(c2)[P-]=C3)CC1,0.99811816
QMMTUWQICIWPSO-UHFFFAOYSA-N,CN1CCC(C(=O)Nc2ccccc2-c2ccc3c(c2)C=CC[P+]3)CC1,0.9957052
JPCNYPUCLAQEIN-UHFFFAOYSA-N,CC1CC(C(=O)Nc2ccccc2-c2ccc3ccccc3c2)C[S+]1,0.9877836
HSXKPPKSSONIIN-UHFFFAOYSA-M,[N-]=C[N-]c1ccc(NC(=O)CN2CCc3ccccc3C2)cc1,0.9960317
BDHYELDXSJCPFU-UHFFFAOYSA-N,CNc1cccc(-c2csc3ccccc23)c1,0.9854027
JXZOIVJHGHTUDK-UHFFFAOYSA-N,CCc1ccc(-c2ccc(NC(=O)C(C)C)cc2)cc1O,0.9980773
XVXLLXNLXUKFGU-UHFFFAOYSA-N,[N+]N1CCC(C(=O)Nc2cccc(-c3ccccc3)c2)CC1,0.9977876
LEOUJLVEARNRQM-UHFFFAOYSA-N,COc1ccc(NC(=O)C2C[P-]CCN(C)C2)cc1Br,0.99195874
VKKWRJSUQQBYCE-UHFFFAOYSA-O,C[p+]1cc(S(=O)(=O)NCc2ccc3c(c2)OCO3)ccc1NC(N)=O,0.99915624
RZSCPWZIWMFJNJ-UHFFFAOYSA-N,CC(C)C(=O)Nc1ccc(-c2ccc([S+])nc2)cc1,0.99787486
OQGQYIIHMMKPEL-UHFFFAOYSA-N,CN1CCC(C(=O)Nc2cccc(-c3ccccc3)c2)C#S1,0.9927133
OYNFCHWICNRNTR-UHFFFAOYSA-N,CN1CCC(C(=O)Nc2ccc(-c3ccncc3)cc2)C1,0.9981896
NQUPNPOHVKSLMG-UHFFFAOYSA-N,COc1ccc(NC(=O)C2CCN(C)[P-]C2)cc1Br,0.9974873
LSFJNEHAUCDYKX-UHFFFAOYSA-N,CN1CCC(C(=O)Nc2ccc(Cl)cc2)C1,0.99811804
YJFDCPJQMYBXTH-UHFFFAOYSA-N,BC=CC=Cc1ccc(-c2ccc(NC(=O)C3CCN(C)CC3)cc2)cc1,0.9792746
STIWFVDZMIFIES-UHFFFAOYSA-N,CN1CCC(C(=O)Nc2ccccc2-c2cccc(C=CC=[P+])c2)CC1,0.98930025
YXVHPHDOYUNSRB-UHFFFAOYSA-O,O=C(Nc1cccc(-c2ccccc2)c1)C1CCN([O+])[C+](P)C1,0.99397886
HMEXMGPRFVMEIB-UHFFFAOYSA-N,CN1CCC(C(=O)Nc2ccc(-c3ccnc([O+])c3)cc2)C1,0.9953353
OWGBRBDZOKABIN-UHFFFAOYSA-N,O=C(CN1CCc2ccccc2C1)Nc1ccc(N2CCNCC2)cc1,0.9970772
FUMUFODERBHZQL-UHFFFAOYSA-N,CN1COCCC(C(=O)Nc2ccc(-c3ccc4ccccc4c3)cc2)C1,0.9881931
KEQWHKVQRISBPX-UHFFFAOYSA-N,CCCC(=O)Nc1cccc(-c2csc3ccccc23)c1,0.9975992
NCFCTKUOJNZVKT-UHFFFAOYSA-N,C[P-]C(=O)Nc1ccc(-c2csc3ccccc23)cc1,0.9974825
XHWAPTJZWGXKEG-UHFFFAOYSA-N,C[P-](C)([P+])C(=O)Nc1cccc(-c2csc3ccccc23)c1,0.98585737
IFQDLQCFICOZJN-UHFFFAOYSA-N,O=C(Nc1ccc(-c2ccc3ccccc3c2)cc1)C1CCSC1,0.99414515
ARCTYEJOVMOBEH-UHFFFAOYSA-N,CC([N-])[P-]C(=[N-])Nc1ccc(-c2csc3ccccc23)cc1,0.9971095
