key,input,score
DARLOWVFKFGABZ-UHFFFAOYSA-N,COc1ccc(-c2ccc(NC(=O)[C-]Cl)cc2)cc1O,53.77366291605743
OLRJNMGLSGKEMS-UHFFFAOYSA-N,CN1CSC(C(=O)Nc2ccc(-c3ccc4ccccc4c3)cc2)C1,59.70178389019834
HUHUCPDYRRROQM-UHFFFAOYSA-N,CN1CCC(C(=O)Nc2ccc(-c3ccnpc3)cc2)CC1,29.388235782434908
GZYRQBBVGGJZLW-UHFFFAOYSA-N,CC(=O)NC1=CC=C(S(=O)(=O)NCc2ccc3c(c2)OCO3)C1C,45.63480745348038
SENGUSYWMLKTCM-UHFFFAOYSA-N,[B+]=C(NNc1ccc(OC)c(Br)c1)C1CCN(C)CC1,62.299928328911676
GBPIGDRSUVMHJF-UHFFFAOYSA-N,CC(C)C(=NO)Nc1cccc(-c2csc3ccccc23)c1,68.1841175395934
VAKDEFDUWGFZIH-UHFFFAOYSA-O,CN1CCC(C(=O)Nc2cccc(C3=CCC=[N+]=C3)c2)CC1,47.52686506871953
XRVPXMRQOOHGEK-UHFFFAOYSA-N,CC(=O)Nc1ccc(S(=O)(=O)c2ccc3c(c2)OCO3)cc1,102.70526649693797
WYAVAJKUSUFHEQ-UHFFFAOYSA-N,C[C-]CC(C)C(=O)Nc1ccc(-c2csc3ccccc23)cc1,92.5003014676546
HTQVCFDCSGYBSQ-UHFFFAOYSA-N,CN(C)CNc1ccc(NC(=O)CN2CCc3ccccc3C2)cc1,116.89880731744582
KJFFIKFRJIGQTG-UHFFFAOYSA-N,c1ccc2c(-c3ccc(N4CCNCC4)cc3)csc2c1,37.696188321886346
QIJWJVZJAXUYIE-UHFFFAOYSA-N,CN1CCC(C(Nc2cccc(-c3ccccc3)c2)=[S+]=O)CC1,66.74450396362369
NXQGHBODKVZBIY-UHFFFAOYSA-N,C[P-]([P+])[P+]c1ccc(S(=O)(=O)NCc2ccc3c(c2)OCO3)cc1,122.48578943122027
PBSUVRLGBPIKLG-UHFFFAOYSA-N,COc1ccc(NC(=O)C2CC=BCC2)cc1Br,81.3489658451921
OCVGJPDQNSYDGY-UHFFFAOYSA-N,CN1CC[S-](C(=O)Nc2ccc(-c3ccncc3)cc2)CC1,65.40255684855155
FHDGICHRFIDBEG-UHFFFAOYSA-N,CC(C)Nc1ccc(-c2cccnc2)cc1,67.22105927714999
YLRSGSWAKMGZQH-UHFFFAOYSA-N,COc1ccc(NC(=O)C2C[C+]N(C)NC2)cc1Br,62.89119170042179
FLDAMGSVJXQXNC-UHFFFAOYSA-M,O=C(Nc1cccc(-c2csc3ccccc23)c1)C(=[P+])[S-],84.02909447652019
JRYQLHFNEKRYBW-UHFFFAOYSA-N,CN1C=[P-]C(C(=O)Nc2ccccc2-c2ccc3ccccc3c2)CC1,53.92501900839948
HFUFCTXIDKZCPK-UHFFFAOYSA-N,CN1CCC(C(=O)Nc2ccc3c(c2)C[C-]3)CC1,64.5568923461661
JVTYAPBJXIPQDY-UHFFFAOYSA-O,C[B+]c1ccc(-c2ccc(NC(=O)C(C)C)cc2)cc1O,71.89578972085356
HUFIYRBTBZOOPA-UHFFFAOYSA-O,CN1CC[P+](N)(c2ccc(NC(=O)CN3CCc4ccccc4C3)cc2)CC1,111.96555080545212
JWCLQUAVARBANN-UHFFFAOYSA-O,CN1CCC(C(=O)Nc2cc#[p+]c(-c3ccccc3)c2)CC1,37.19634693399912
FTBKYAJPEJMTFG-UHFFFAOYSA-N,CN1CCC(C(=O)Nc2ccc(-c3ccncc3)cc2[P+])CC1,64.78214368505134
QMIWVURXCIHQLT-UHFFFAOYSA-N,CN1CC[SH](C(=O)Nc2ccccc2-c2ccc3ccccc3c2)CC1,50.354701793230674
QZKUYSFPNUGOGD-UHFFFAOYSA-N,CN1CCC(C(=O)Nc2cccc(-c3ccccc3)c2)C[P+]1,80.11158055174467
FZMUMXMDRZXDTF-UHFFFAOYSA-N,C[S+]CC(=O)Nc1ccc(-c2csc3ccccc23)cc1,85.26121225746958
UYPWGLCXOFAPRW-UHFFFAOYSA-N,c1cncc(Oc2ccc(-c3ccc(N4CCOCC4)cc3)cc2)c1,105.55011241090614
TVORCYUGUNEXOK-UHFFFAOYSA-M,COc1ccc(-c2ccc(NC(=O)C(C)C)cc2[S-])cc1O,59.162931266174965
SYGMPKUZVZYARU-UHFFFAOYSA-N,CC(C)C(=O)Nc1ccc(-c2ccc([P-])c(O)c2)cc1,70.74874436524615
YRMPRHALXYGGHF-UHFFFAOYSA-N,CC(=O)Nc1ccc(S(=O)[O+]NCc2ccc3c(c2)OCO3)cc1,85.97564633353251
XDRDRPCRXCIUON-UHFFFAOYSA-N,CN1CCC(C(=O)Nc2ccccc2-c2ccc3c(S)cccc3c2)CC1,40.08456446408222
CYPYOOQULIIWRT-UHFFFAOYSA-N,O=C(CN1CCc2ccccc2C1)Nc1ccc(N2CCCCC2[P+])cc1,118.37895508069452
VXDMJPOMQFUIET-UHFFFAOYSA-N,[N-]=Cc1ccc(NC(=O)CN2CCc3ccccc3C2)cc1,119.20954338494262
LUIHMEMRUKYDDJ-UHFFFAOYSA-N,C=Cc1ccc(S(=O)(=O)NCc2ccc3c(c2)OCO3)cc1,132.1275601742553
KSZIVLWAVWRYQE-UHFFFAOYSA-N,O=CNc1ccc(S(=O)(=O)NCc2ccc3c(c2)OCO3)cc1,133.62684551307254
GNUFVXFMUWZLEZ-UHFFFAOYSA-N,CN1CCN(c2ccc(NC(=O)CN3CCC4=CC4C3)cc2)CC1,81.01321601595573
NNTYDSUACNKWKV-UHFFFAOYSA-N,COc1ccc(-c2ccc(NC(=O)[P-](C)Cl)cc2)cc1O,52.626617560450036
JXOGQJTYOVBZIM-UHFFFAOYSA-N,COc1ccc(NC(=O)C2CC2C)cc1Br,79.22324979828458
YHHIRLDUYWECSQ-UHFFFAOYSA-N,[C-][SH](=O)(NCc1ccc2c(c1)OCO2)c1ccc(NC(C)=O)cc1,59.08120448944662
XLECZFSIPYQLAS-UHFFFAOYSA-N,B[N+]=C1CN(C)CCC1C(=O)Nc1ccc(-c2ccncc2)cc1,71.97983048652745
IASJOFUNEMLTQH-UHFFFAOYSA-O,C=C1C=[P+](C)C(c2ccc3ccccc3c2)=C1NC(=O)C1CCN(C)CC1,35.35640165361405
AOPMXUAPOKSSAO-UHFFFAOYSA-O,CN=[P+](C)C(=O)Nc1ccc(-c2cccnc2)cc1,58.87265384375158
NKZSMGSVRRMLFV-UHFFFAOYSA-N,CN1CCN(c2ccc(NC(=O)CN3CCC4=CCC=C4C3)cc2)C1,21.870732941613586
GSLSWUSYDUSBGN-UHFFFAOYSA-O,CC1=C[P+](c2cccc(NC(=O)C3CCN(C)CC3)c2)=C1,59.245122557386765
UZSLAZOFSIBQRT-UHFFFAOYSA-N,CC(C)C(=O)N[C-]c1ccc(-c2csc3ccccc23)cc1,62.376725627561996
QPAPJSLSKCEYPQ-UHFFFAOYSA-N,B(c1ccc(-c2ccc(Oc3ccccc3)cc2)cc1)N1CCOCC1,82.29774215937162
SAXSCNHEUMEVJJ-UHFFFAOYSA-N,CN1CCN(c2ccc(NC(=O)CN3CCc4ccccc4[O+]3)cc2)CC1,100.85475264739328
ALZDDGYEFCRNEV-UHFFFAOYSA-N,CN1CCN(c2ccc(NC(=O)CN3CCc4ccccc4C3)cc2)C=[SH]1,104.56430777144958
JTXRIXZVMZBIGN-UHFFFAOYSA-O,C=C1[P-]=[P+](C)C(c2ccc3ccccc3c2)=C1NC(=O)C1CCN(C)CC1,42.672076840314844
AAJCELVDWVPZCX-UHFFFAOYSA-N,O=C(CN1CCCc2ccccc2C1)Nc1ccc(N2CCNCC2)cc1,109.41152681144551
PUIWPHOQVOHISA-UHFFFAOYSA-N,[C-][P+]12=C(S(=O)(=O)NCc3ccc4c(c3)OCO4)C1C=C2NC(C)=O,87.3649734052602
FKJGGXIHHVPMAW-UHFFFAOYSA-N,CC=Cc1cc(-c2ccc(NC(=O)C3CCN(C)CC3)cc2)ccc1C,75.12028887496514
PLYVBJOWKNGLDU-UHFFFAOYSA-N,CC(=O)Nc1ccc([C+]S(=O)(=O)NCc2ccc3c(c2)OCO3)cc1,102.91083924714204
OQCYVPHDMDMUEI-UHFFFAOYSA-N,COc1ccc(-c2ccc(NC(=O)[S-](C)[S-])cc2)cc1O,54.48996178078565
ICWVNMILNZWXTH-UHFFFAOYSA-O,CN1CCC(C(=O)Nc2ccccc2-c2c[o+]c3ccccc3c2)CC1,75.37251157168538
UWDHYAFOKOBSPH-UHFFFAOYSA-N,COc1ccc(-c2ccc(N3CCCCCC3)cc2)cc1,90.43890957103825
GPFXUOUPPNHPRQ-UHFFFAOYSA-N,O=CCc1ccc(S(=O)(=O)NCc2ccc3c(c2)OCO3)cc1,113.97694011595011
SRJNDERRKZULAN-UHFFFAOYSA-N,CC(C)C(=O)Nc1cccc(-c2csc3c2[SH]=[O+]3)c1,64.20147531365859
ZJGITWAFBKEQOT-UHFFFAOYSA-N,CN1CCC(C(=O)Nc2cccc(C3=NC=CC3)c2)CC1,57.83625637630439
XXDAZRBYRAMFSM-UHFFFAOYSA-N,BN1CCC(C(=O)Nc2cccc(-c3ccccc3)c2)C1,89.63525393664221
MJWLLGGXPWDPJS-UHFFFAOYSA-N,[C-]=CN1CCN(c2ccc(-c3ccc(Oc4ccccc4)cc3)cc2)C1,66.09275641169145
GNNSZUBQPUIRFT-UHFFFAOYSA-N,[B+](Cc1ccc(N2CCOCC2)cc1)c1ccc(Oc2ccccc2)cc1,99.94608043492428
IIZMAABOPJVXCV-UHFFFAOYSA-N,CN1CCN(c2ccc(NC(=O)CN3CC=CCC3)cc2)CC1,90.9018088050027
IYJCGCIZVNHHBB-UHFFFAOYSA-N,c1ccc(Oc2ccc3cc(N4CCOCC4)cc-3cc2)cc1,76.19705333326559
QGTJJVPDPXPBHH-UHFFFAOYSA-N,CN1CCB(C(=O)Nc2cccc(-c3ccccc3)c2)CC1,64.80964723909658
NJVPQKMQOOOVKP-UHFFFAOYSA-O,C[P+](#[O+])C(=O)Nc1ccc(-c2cccnc2)cc1,64.40734310709863
COLZUZSHQQHQPL-UHFFFAOYSA-N,CN1CCC(C(=O)[B+]Nc2ccccc2-c2ccc3ccccc3c2)C1,52.368646281387505
KDGKNUPUQNAQOM-UHFFFAOYSA-N,CPc1ccc(-c2ccc(NC(=O)C(C)C)cc2)cc1O,29.71398930209592
ATHVVXNIPPDRHM-UHFFFAOYSA-N,CC1CC(C(=O)Nc2ccccc2-c2ccc3ccccc3c2)CN1,41.388283878442365
KJDQEDHJAUXFCN-UHFFFAOYSA-N,C1=CC(Oc2ccccc2)=[N+]C=C1c1ccc(N2CCOCC2)cc1,43.7083121208449
BGVHAHPEMXFLJH-UHFFFAOYSA-N,CC[P+]C(=O)Nc1ccc(-c2cccnc2)cc1,66.19237782086168
MDAUSJKKAXCCCA-UHFFFAOYSA-N,[N-]=CC(=O)Nc1ccc(-c2csc3ccccc23)cc1,77.69299032601832
HVVMWXLJBKVVER-UHFFFAOYSA-N,CC(=O)Nc1ccc(S(=O)(=O)NCc2[c-]c3c(cc2)OCO3)cc1,97.91727113593313
RCFLROKYWNGMGC-UHFFFAOYSA-N,CN1CCN(c2ccc(NC(=O)C[P+]3CCc4ccccc4C3)cc2)CC1,94.04413295793559
ARMCBOWEEAAUCL-UHFFFAOYSA-N,CN1CC(C(=O)Nc2cccc(-c3ccccc3)c2)C[P+]1,76.12431743006294
DRRDIDRPYRYVBK-UHFFFAOYSA-O,CN1CCC(C(=O)Nc2ccccc2-c2c[o+]c3ccc([O+])cc3c2)CC1,72.84127623713616
WZQFMOXTDOYTAR-UHFFFAOYSA-N,[C+]=CONc1ccc(S(=O)(=O)NCc2ccc3c(c2)OCO3)cc1,125.1527704956308
IGGQVDHYIQKQTL-UHFFFAOYSA-N,CN1CCN(c2ccc(NC(=O)CSN3CCc4ccccc4C3)cc2)CC1,99.0362475118085
CSFUANZAGMISNP-UHFFFAOYSA-N,CN1CCC([S-]C(=O)Nc2cccc(-c3ccccc3)c2)CC1,63.7373324828801
KZILGYZYCSWZJK-UHFFFAOYSA-N,[B+]c1ccc(-c2ccc(NC(=O)C(C)C)cc2)cn1,75.22442103482182
RBPUACZOMGJSJK-UHFFFAOYSA-N,Cc1ccc(NC(=O)C2CCN(C)[N+]2)cc1,48.620749621344544
MCXFONBSDYMBEU-UHFFFAOYSA-O,CN1CC[C+](C(=O)Nc2cccc(-c3ccccc3)c2)CC1,64.80964723909658
XJCBBATXSOFMBM-UHFFFAOYSA-N,CC(=O)[P+]c1ccc(S(=O)(=O)NCc2ccc3c(c2)OCO3)cc1,128.56885026194277
GIOIKSWCNXZAJI-UHFFFAOYSA-N,CCOCNc1ccc(S(=O)(=O)NCc2ccc3c(c2)OCO3)cc1,132.94122512545755
MKYRDCIVESQWKK-UHFFFAOYSA-N,CN1CCC(C(=O)Nc2ccc([P-])cc2)CC1,64.32125840165828
KGYXXXMQYYDVRD-UHFFFAOYSA-N,CN1CCC(C(=O)Nc2ccc([O+]c3ccc4ccccc4c3)cc2)C1,74.410144579202
ZDKZLZTTXJGSDB-UHFFFAOYSA-N,CC(=O)NC1=CC=C(S(=O)(=O)NCc2ccc3c(c2)OCO3)C1,47.944562025299504
ZZPROZPFOCCUDR-UHFFFAOYSA-N,CN1CC(C(=O)Nc2ccc(-c3ccc4ccccc4c3)cc2)CC[N+]1C,90.58492241730785
MUWPLKQJAXDEQE-UHFFFAOYSA-N,CN1[N-]CN(c2ccc(-c3csc4ccccc34)cc2)C[N-]1,46.11531823906123
VAXDTGHMTQOPOG-UHFFFAOYSA-N,COc1ccc(NC(=[S+])C2CCN(C)CC2)cc1Br,68.90576310702518
SWBMSPCSUDBIOA-UHFFFAOYSA-N,CC1CCN(c2ccc(-c3csc4ccccc34)cc2)C1,50.248604044249646
AWWVMYPORHDQPD-UHFFFAOYSA-N,C=C(Nc1ccc(-c2cccnc2)cc1)C(C)[P-],51.94807931324685
WEQYIYPWONAZGU-UHFFFAOYSA-O,CC(=O)Nc1ccc([C+]S(=O)(NCc2ccc3c(c2)OCO3)=[O+]O)cc1,101.7589361655893
GDBIEJSFONUFOO-UHFFFAOYSA-N,CN1C[B-]C(C(=O)Nc2ccc(-c3ccncc3)cc2)CC1,68.80459596862822
GBWIROGVXKSISN-UHFFFAOYSA-N,CC(C#N)C(=O)Nc1ccc(-c2csc3ccccc23)cc1,83.4570270635318
SKRMVQBSWVSRCB-UHFFFAOYSA-N,Cc1ccc(NC(=O)C2CCN(C)C[N-]2)cc1,44.62329425145052
NKKYLOZIHQTOMR-UHFFFAOYSA-O,CC(=O)N[p+]1ccc(S(=O)(=O)NCc2ccc3c(c2)OCO3)cc1,119.71448441549472
CVOQJNFUJMVTLS-UHFFFAOYSA-N,BC1C(C(=O)Nc2ccc(-c3ccncc3)cc2)CCN1C,70.60855409016442
XZNIYFUBJBREOT-UHFFFAOYSA-N,CC(O)CNc1cccc(-c2csc3ccccc23)c1,75.70775939031786
SFRSXTJOASLZTM-UHFFFAOYSA-N,BN1CC1C(=O)Nc1ccccc1-c1ccc2ccccc2c1,64.22949178440655
UIRUBBZXQUCANM-UHFFFAOYSA-N,CC([O+])C(=O)Nc1ccc(-c2csc3ccccc23)cc1,80.93699914331964
MGENBNGBGNWTEB-UHFFFAOYSA-N,COc1ccc(N[C-](O)C2CCN(C)CC2)cc1Br,48.798198203072076
OEUISWQRWMXWPS-UHFFFAOYSA-N,CC(=O)Nc1ccc(-c2cccnc2)cc1,81.11159848475494
JWVOAFAWTZKUBF-UHFFFAOYSA-O,CN1CCC(C(=O)Nc2ccccc2-c2ccc3c(c2)[N-][C+]=[O+]C3)CC1,63.52422455041684
RRUXHSBPPNYVKD-UHFFFAOYSA-O,CN1CCC(C(=O)Nc2cccc(C3=CCC=[S+]3)c2)CC1,66.95480234662796
JIUWFOWWWIYJPK-UHFFFAOYSA-N,CC(S)C(=O)[N+]Nc1ccc(-c2csc3ccccc23)cc1,48.538837693302774
VIEAOZVRAWUZEY-UHFFFAOYSA-N,CN1CCC(C(=O)Nc2ccccc2-c2ccc3c(c2)[SH]=CC=C3)CC1,40.11800586290485
DFMQHIFANRDPIC-UHFFFAOYSA-N,COc1ccc(-c2ccc(N3CCN(C)CC3)cc2)c(Br)c1,49.12486921061112
OKAXIPMIXDZQDB-UHFFFAOYSA-N,CN1CC(C(=O)Nc2ccc(-c3ccc4ccccc4c3)cc2)CS[N+]1C,82.39050559114635
GCRJQVGTIYWIOZ-UHFFFAOYSA-N,COc1ccc(-c2ccc(N3CCN(C)CC3)cc2)[p+](Br)c1,45.52987535968297
NYZQCDTYEPCQBA-UHFFFAOYSA-N,CC1CCCCC1C(=O)Nc1ccc(-c2ccc3ccccc3c2)cc1,78.12449489594378
VCLRBFYCXFMTDD-UHFFFAOYSA-N,CN1CCC(C(=O)Nc2ccc([B-]c3ccc4ccccc4c3)cc2)CC1,88.12587927684109
FVZBJDBVTIKTOT-UHFFFAOYSA-N,CC1CC(C(=O)Nc2ccccc2-c2ccc3ccccc3c2)N(C)C1,60.857077087138
TZGRHZBKEDSISJ-UHFFFAOYSA-N,CN1CCC(C(=O)c2ccc(-c3ccc4ccccc4c3)cc2)CC1,80.14101939747921
QQDZCLQYEBSFLR-UHFFFAOYSA-N,CP([N+])C(=O)Nc1ccc(-c2cccnc2)cc1,46.59981627102934
NTSKSECHQFWHRH-UHFFFAOYSA-O,CC(=O)Nc1ccc(S(=O)(=O)NCc2ccc3c(c2)OCO3)c[p+]1[P-],112.6076243398888
LHMJGGOMISFEME-UHFFFAOYSA-N,CN1CCN(c2ccc(NC(=O)CN3CCc4ccccc4S3)cc2)CC1,80.82562244500778
ZDTIFQKQCYGMTE-UHFFFAOYSA-N,COc1ccc(-c2ccc(NC(=O)[P-](C)[S+])cc2)cc1O,53.084949529909004
DIWNAJGVVZMSQZ-UHFFFAOYSA-O,CN1CCC(C(=O)Nc2ccc(-c3ccc4ccccc4c3)[p+](C)c2)CC1,71.59347301574246
LJYWYSLAIHWEPX-UHFFFAOYSA-N,O=C(Nc1ccc(O[P+])c(Br)c1)C1CCCC1,87.46431709817395
WJFJBMXJNRYSPH-UHFFFAOYSA-N,[B+]1CN(c2ccc(-c3csc4ccccc34)cc2)CCN1,44.50210082196944
HXQMDQXDODLLFV-UHFFFAOYSA-N,CC(=O)[C+]Nc1ccc(-c2csc3ccccc23)cc1,62.30822364733238
DEMXTVPXYUDLJC-UHFFFAOYSA-N,O=C(Nc1ccc(-c2ccncc2)cc1)C1CCN(CO)[P+]C1,77.92019898972524
AUGMBMHSHBXNQI-UHFFFAOYSA-N,[N-]CNC(=O)Nc1ccc(-c2csc3ccccc23)cc1,94.66093530329302
DJRSQXXQYRKLEQ-UHFFFAOYSA-N,CN1CCN(c2ccc(-c3ccc(ON)cc3)cc2)CC1,33.731070229303036
GLYHCBVMRRRVHY-UHFFFAOYSA-N,[P+]C1CN(c2ccc(-c3csc4ccccc34)cc2)C1,46.04762876316222
VCGNZMPTVNQRKL-UHFFFAOYSA-N,CC(Nc1ccc(-c2csc3ccccc23)cc1)[O+]=O,65.2966397894911
ZQBUUHOVMXBKOP-UHFFFAOYSA-N,CN1CCC(C(=O)Nc2cccc(Br)c2)CC1,97.37439366225672
HCGMRNBALOOGDM-UHFFFAOYSA-N,CC1N(C)[C+]CCN1c1ccc(NC(=O)CN2CCc3ccccc3C2)cc1,107.61483176764968
XBOGXROPWHAJKQ-UHFFFAOYSA-N,CC(N)C(=O)Nc1ccc(-c2csc3ccccc23)cc1,69.04774678333719
YPDVJBPWCBFCQZ-UHFFFAOYSA-N,CN1CCN([C+]c2ccc(-c3ccc(Oc4ccccc4)cc3)cc2)CC1,82.22539412445643
MJTWFZFSBBBPHI-UHFFFAOYSA-N,CC(C)C(=O)Nc1ccc(-c2ccc(CBr)c(O)c2)cc1,74.13145678012201
QZPCCUGUKAXYNT-UHFFFAOYSA-N,CN1CCN(c2ccc(-c3ccc(-c4ccccc4)cc3)cc2)C1,24.16811034486531
DONPFUCFCFHCPN-UHFFFAOYSA-N,CC(=O)C(=[B-]=O)Nc1ccc(-c2cccnc2)cc1,64.13615968554247
DBACLWGZMCBATI-UHFFFAOYSA-N,COc1ccc(NC(=O)C2BCN(C)CC2)cc1Br,69.58956442682016
ZINDMGWEMLMYSO-UHFFFAOYSA-N,CO[P-]c1ccc(-c2ccc(N3CCN(C)CC3)cc2)cc1,40.70316914381235
QYWRCIUZPOLFQL-UHFFFAOYSA-N,CN1CCC(C(=O)Nc2ccc([P-])c([P+])c2)CC1,56.627595707054525
HHLNELNKSJXTPT-UHFFFAOYSA-N,CN1CCC(C(=O)Nc2ccccc2-c2cccc(C3=C=C3)c2)C1,5.775970214495888
DQKCDUFRHLFHSZ-UHFFFAOYSA-N,CN1[B-]=CC(C(=O)Nc2cccc(-c3ccccc3)c2)CC1,69.20922324418471
RLODIPMPAHASSL-UHFFFAOYSA-N,CN1[C-]CN(c2ccc(-c3ccc(Oc4ccccc4)cc3)cc2)CC1,79.74290742875841
YLCGEWVYNFWHGU-UHFFFAOYSA-N,Cc1ccc(NC(=O)C2CCN([O+])C2)cc1,72.93275301821188
JYPVVJSZLDIBJC-UHFFFAOYSA-N,CN1CCC(C(=O)Nc2cccc(C3=CC=C[S-]=C3)c2)CC1,44.381974524555815
RKFCKUOQNAMKMU-UHFFFAOYSA-N,CP1#CCC(C(=O)Nc2ccccc2-c2ccc3ccccc3c2)CC1,25.56089205055746
AXOWOGCDWPQVPF-UHFFFAOYSA-N,[B+]=C(Nc1ccc(-c2csc3ccccc23)cc1)C(C)C,71.37752495202074
HYMNZWDQJHLPHU-UHFFFAOYSA-N,C=C1OC=C1c1cccc(NC(=O)C2CCN(C)CC2)c1,27.56570406956905
CWMMSCZQKKMYIQ-UHFFFAOYSA-N,CN1CCC(C(=O)Nc2ccc(C3=CC=NC3)cc2)CC1,25.20793563435298
IURQCUPCHHOLIE-UHFFFAOYSA-N,c1ccc(Oc2ccc(-c3ccc(N4CC4)cc3)cc2)cc1,91.03258461608891
MVHFLDBIKJVZSG-UHFFFAOYSA-N,COc1ccc(-c2ccc(N3CCN(C)[P+]C3)cc2)cc1,47.86140526078004
DDERICKBMCNABW-UHFFFAOYSA-N,CC(C)C(=O)Nc1ccc(-c2ccc(SN)c(O)c2)cc1,56.54266994935502
XISVLIQZABDNTH-UHFFFAOYSA-N,CC(=O)Nc1ccc(S(=O)(=O)Nc2ccc3c(c2)OCO3)cc1,147.32720453147599
BGLPDWXYNJCSGS-UHFFFAOYSA-N,Cc1ccc(NC(=O)C2CCN(C)NC2)cc1,40.45922078234615
TWFXQILLHJBSBU-UHFFFAOYSA-N,[C+]c1cc(S(=O)(=O)NCc2ccc3c(c2)OCO3)ccc1NC(C)=O,135.1397673514928
HKIYADHVFSGAGS-UHFFFAOYSA-N,BC1CC(C(=O)Nc2cccc(-c3ccccc3)c2)CCN1F,62.822943415196015
ZRMGLBQLNYJESS-UHFFFAOYSA-N,CC(=O)Nc1ccc(S(=O)(=O)[P+](P)NCc2ccc3c(c2)OCO3)cc1,87.35803655645617
YRGDYAPHDBUCNC-UHFFFAOYSA-O,CN1CCC(C(=O)Nc2ccc(C3=[C+]C=NC=C3)cc2)CC1,50.790860410330666
MLZWWMWGUBPBIQ-UHFFFAOYSA-O,CN1CCN(C2=CC=C(NC(=O)CN3CCc4ccccc4C3)[B+]C2)CC1,68.96630491375075
ZBNFLSVPJBIEQL-UHFFFAOYSA-N,CC(C)Nc1ccc(-c2csc3ccccc23)cc1,72.89395912612544
ZDIBWPHTNOACRG-UHFFFAOYSA-N,CC(C)C(=O)c1ccc(-c2cccnc2)cc1,71.40197781636647
NDOJAKILBLIDSN-UHFFFAOYSA-O,CN1CCC(C(=O)Nc2ccc(-[p+]3ccc4ccccc4c3)cc2)CC1,78.29085877091762
PGFBJOPBTBDNED-UHFFFAOYSA-N,COc1ccc(-c2ccc(N3CCN([O+]=[S-]C)CC3)cc2)cc1,61.808094338031566
AIHPURXIVLUVJE-UHFFFAOYSA-N,CC(=O)C([S+])Nc1ccc(-c2csc3ccccc23)cc1,66.86657824200935
CAYZUAFWGRLJIZ-UHFFFAOYSA-N,c1ccc(Oc2ccc(-c3ccc(N4CC[P-]C4)cc3)cc2)cc1,78.46063150923479
GGUGHKFGHYRDBZ-UHFFFAOYSA-N,CN1CCC(C(=O)Nc2ccc(Sc3ccc4ccccc4c3)cc2)CC1,135.7468061709247
KDCFCXAGUKNIJD-UHFFFAOYSA-N,CN1CCC(C(=O)Nc2cccc(C3=S=CC=CC3)c2)CC1,57.918064944441575
JOKRQFANITXEAV-UHFFFAOYSA-N,CN1CCC(C(=O)[O+]c2ccc(-c3ccc4ccccc4c3)cc2)CC1,45.83720390316412
RHOLLDGHEUMFAW-UHFFFAOYSA-N,O=[S+]CNc1ccc(S(=O)(=O)NCc2ccc3c(c2)OCO3)cc1,144.78759957681854
GOXWXGQXHHZGGX-UHFFFAOYSA-N,CC[C-]C(=O)[N+]Nc1cccc(-c2csc3ccccc23)c1,69.41639591050185
DYBGPQBMEJTVHA-UHFFFAOYSA-N,[B-]C(C)C(O)Nc1cccc(-c2csc3ccccc23)c1,56.5706617368647
TVSLLGLYLJSELJ-UHFFFAOYSA-O,[B+]=C(C)C(=O)Nc1ccc(-c2csc3ccccc23)cc1,79.08124435583376
JJDRDMCXZPUQIY-UHFFFAOYSA-N,CN1CCN(c2ccc(NC(=O)CN3CCc4ccccc4C3)cc2)C1,116.23626036481356
KTTFRSKTFHYDEX-UHFFFAOYSA-N,CN1CCC([N+]C(=S)Nc2ccc(-c3ccc4ccccc4c3)cc2)CC1,61.29689038530096
PICBSCAZMYYRED-UHFFFAOYSA-N,CN1CCN(c2ccc(NC(O)=CCN3CCc4ccccc4C3)cc2)C1,38.33219434466545
ZGSRCMHHADDOCY-UHFFFAOYSA-N,O=C(Nc1ccc(-c2ccc3ccccc3c2)cc1)C1CC=NCC1,57.32492481394317
ASBNZTRDPGGYOY-UHFFFAOYSA-N,CC(=O)Nc1ccc(S(=O)(=O)NC[P+]Nc2ccc3c(c2)OCO3)cc1,105.4864584483046
UCIOAVDHUDWBBC-UHFFFAOYSA-N,CCC(C)Nc1cccc(-c2csc3ccccc23)c1,83.3106772338138
MIEIXGWJMLFCPO-UHFFFAOYSA-N,CC(C)C(=O)Nc1ccc(-c2ccc(I)c(O)c2)cc1,80.63330080739868
MHTRWDQMKGAJHC-UHFFFAOYSA-N,CN1CCC(C(=O)Nc2ccccc2-c2ccc3ccccc3c2)CP1,30.865880407207214
CPQXLGRAOXZIPC-UHFFFAOYSA-N,O=C(Nc1cccc(-c2ccccc2)c1)C1CCN(CO)C1,80.89310198638269
NVSUNESTYPBDAD-UHFFFAOYSA-N,CN1CCN(c2ccc(-c3ccc([P-]c4ccccc4)cc3)cc2)CC1,47.84467670648157
RNWWOBMDFMBXGF-UHFFFAOYSA-O,C#CC=[S+]c1ccc(-c2ccc(NC(=O)C3CCN(C)CC3)cc2)cc1,83.01758323465117
MULYZCPYPDFPIC-UHFFFAOYSA-N,CC(=O)N=Bc1ccc(S(=O)(=O)NCc2ccc3c(c2)OCO3)cc1,128.2210370450079
QCMJYQMAAFBYLB-UHFFFAOYSA-N,O=[S+]Cc1ccc(S(=O)(=O)NCc2ccc3c(c2)OCO3)cc1,133.37495811578987
BVGCQJPZJZPLOS-UHFFFAOYSA-N,C=C(Nc1ccc(C)cc1)C1CCN(C)CC1,34.00918556288353
UVDKCVIIPOJDKZ-UHFFFAOYSA-N,Bc1cc(-c2ccc(N3CCOCC3)cc2)ccc1Oc1ccccc1,77.53923501011744
DSOOMGOEEYMRDO-UHFFFAOYSA-N,[B-]c1cccc(NC(=O)C2CCN(C)CC2)c1,65.40201384465199
GLKKKJHOIQPCJB-UHFFFAOYSA-N,COc1ccc(-c2ccc(NC(=O)C(C)C)[nH]2)cc1O,49.2406756193478
ONXYPDWZVHMQFW-UHFFFAOYSA-N,N[PH]1([P-])CCC(C(=O)Nc2cccc(-c3ccccc3)c2)CC1,85.4601066432498
ZUGJDNOEBPQBCJ-UHFFFAOYSA-N,[B+](C=Cc1ccc(N2CCOCC2)cc1)c1ccc(Oc2ccccc2)cc1,105.95970990254216
WTIPIOXBALCDNX-UHFFFAOYSA-O,[B+]=C[SH](#C)C(O)C(=O)Nc1ccc(-c2csc3ccccc23)cc1,67.74826871828412
BCSNZPUCJDGCIJ-UHFFFAOYSA-N,CC(=[P+])c1ccc(S(=O)(=O)NCc2ccc3c(c2)OCO3)cc1,139.2306958898042
QFUNEPUGWOQLQT-UHFFFAOYSA-N,CN1CCN(c2ccc(NC(=O)[P+]N3CCc4ccccc4C3)cc2)CC1,84.6999739183647
NHETUOIWXWECAA-UHFFFAOYSA-N,CC1N[C+]CCN1c1ccc(NC(=O)CN2CCc3ccccc3C2)cc1,109.78794876717208
CXZWVZRCVACTFF-UHFFFAOYSA-N,COc1ccc(-c2ccc(NC(C)Cl)cc2)cc1O,34.10160078428762
LGANFGVINYHYMT-UHFFFAOYSA-O,CC(C)C(=O)Nc1cc(-c2csc3ccccc23)cc[s+]1,68.96893668561255
VQFHLXMQFDVELK-UHFFFAOYSA-N,Cc1scc(-c2ccc(NC(=O)C(C)C)cc2)c1C,69.38439391581109
QHJXXHIFZHTGRW-UHFFFAOYSA-N,CN1CCC(C(=O)Nc2ccccc2C2=Cc3ccccc32)CC1,26.865099198268652
VDLWTLWCKYLQRA-UHFFFAOYSA-N,COc1ccc(-c2ccc(NC(=[P-])C(C)C)cc2)cc1O,53.235186170248305
VAJOYWBIMHIHEE-UHFFFAOYSA-N,[C+]=CC(=O)Nc1ccc(-c2cccnc2)cc1,72.47608190040789
XHKSKMVGJBRPGC-UHFFFAOYSA-N,CN1CC([O+])CC1C(=O)Nc1ccccc1-c1ccc2ccccc2c1,64.77633030995354
OMBNVNWUBBYPDH-UHFFFAOYSA-O,CC1CC(C(=O)Nc2ccccc2-c2ccc3ccccc3c2)C[S+](C)C1,68.56418123768651
IQUKBHMZUQSXKB-UHFFFAOYSA-N,CCCCC(=O)Nc1ccc(-c2ccc(OC)c(O)c2)cc1,112.06658637617774
HCLMITDTCMGLGM-UHFFFAOYSA-N,CN1CCN(c2ccc(-c3ccc(O[P+])cc3)cc2)CC1,51.70204626702938
XPBOPYIXDTZSAQ-UHFFFAOYSA-N,O=C(Nc1ccccc1-c1ccc2ccccc2c1)C1CCCN[S-]CC1,76.28990473665934
ZRBPNVRTCOKFBB-UHFFFAOYSA-N,O=C(Nc1cccc(-c2ccccc2)c1)C1CCNCC1,69.28075452072592
KYINCBCCIFDAFC-UHFFFAOYSA-N,[C-]N1CCN(c2ccc(-c3ccc(Oc4ccccc4)cc3)cc2)CC1,91.03258461608891
FFVXKXJVYNMPKL-UHFFFAOYSA-N,CN1CCC(C(=O)Nc2ccc(F)cc2)CC1,82.66019329278133
QSNVXEKTLJPYCZ-UHFFFAOYSA-N,Cc1ccc(NC(=O)C2CCN(C)[N+]C2)cc1,62.858663787828945
NBAKGRPWHCJLSC-UHFFFAOYSA-O,CN1CC[C+](C(=O)Nc2ccc(-c3ccncc3)cc2)CC1,66.09570547137724
QLJPRXHDJSUXOK-UHFFFAOYSA-N,O=C(CN1CCc2ccccc2C1)Nc1ccc(N2C[B-]CCCC2)cc1,136.6722525809414
QYUILTDGWWEHDF-UHFFFAOYSA-N,COc1ccc(-c2ccc(NC(=O)[O+]C)cc2)cc1O,56.42922523191975
FZEXGTZBDIPYMR-UHFFFAOYSA-N,CN1CCC(C(=O)Nc2ccccc2-c2ccc3ccncc3c2)CS1,43.64163046127101
ZTYKKUQYHUWCBQ-UHFFFAOYSA-N,C=Bc1[c-]cc(-c2ccc(NC(=O)C3CCN(C)CC3)cc2)cc1,77.82794576283118
VQESTYUKHYKAKX-UHFFFAOYSA-N,CN1CC[SH](C(=O)Nc2ccccc2-c2ccc3ccccc3c2)C1,45.00623952318366
ANVGNBQUNOYPFY-UHFFFAOYSA-N,[C-]#CCC(=O)Nc1ccc(-c2ccc(OC)c(O)c2)cc1,70.60507055375395
CQXAQBDZXRJITR-UHFFFAOYSA-O,CN1CCC(C(=O)Nc2ccccc2-c2ccc3c(c2)C=[C+]C=C3)CC1,49.52250598838856
OSGBZPZBHBUSTF-UHFFFAOYSA-M,CN1CCC(C(=O)Nc2ccccc2-c2ccc([S-])c(C=C=P)c2)CC1,43.29265341631226
CUPQTXQDUNCBNO-UHFFFAOYSA-N,C=[P+]CC=C1CN(CC(=O)Nc2ccc(N3CCN(C)CC3)cc2)CCC1=C,85.45878177825654
REVJOSALVYYVFR-UHFFFAOYSA-O,O=C(CN1CCc2ccccc2C1)Nc1ccc(N2CCCC[S+]([P+])C2)cc1,137.258849728961
PAWOTWSZUVXEGM-UHFFFAOYSA-N,COc1ccc(S(=O)(=O)NCc2ccc3c(c2)OCO3)cc1,156.62654914964278
AGFZRQXRJYCGLM-UHFFFAOYSA-N,CN1CCC(C(=O)Nc2ccccc2-c2ccc3ccccc3c2)[SH]C=[N+]1,59.23480419717169
HTMMUZDBUPZFIA-UHFFFAOYSA-N,CN1CCC(C(=O)Nc2ccc(C3=[P-]=C=NC=C3)cc2)CC1,39.343108003188966
YLUSFTFGYSZMBB-UHFFFAOYSA-O,[C-][p+]1cc(S(=O)(=O)NCc2ccc3c(c2)OCO3)ccc1NC(C)=O,113.86972420569474
AEXMJRVQWGXSCD-UHFFFAOYSA-O,CN1CCC(C(=O)NC2=[B-][C+]=CC=C2c2ccc3ccccc3c2)CC1,42.61858212246684
FVWCZZIXMDSAEJ-UHFFFAOYSA-O,[B+]=CC([C-])C(=O)Nc1ccc(-c2csc3ccccc23)cc1,77.93792098579951
WQCCAUKNBNFGPK-UHFFFAOYSA-N,[C+]N1CCN1Cc1ccc(NC(=O)CN2CCc3ccccc3C2)cc1,129.09007134618523
YODAVUPPRTTYAS-UHFFFAOYSA-N,O=C(CN1CCc2ccccc2C1)Nc1ccc(CCCN2CC2)cc1,179.64206558798222
NFTVCICQEJBJQU-UHFFFAOYSA-N,[C-]Oc1ccc(-c2ccc(N3CCOCC3)cc2)cc1,58.433442681122074
RLCLGTZDMNMVDB-UHFFFAOYSA-O,CN1C[C+]=C([S-]c2ccc(NC(=O)CN3CCc4ccccc4C3)cc2)CC1,114.25388463655531
JQNFVOPVUKEHHG-UHFFFAOYSA-N,Cc1ccc(NC(=O)C2CCN(CP)CC2)cc1,65.32828450844433
JJGSWDGNMFRPSZ-UHFFFAOYSA-N,CN1CCC(C(=O)NC2=CC=C(c3ccc4ccccc4c3)C2)CC1,7.39327631436967
STYWMVZRLFHYEC-UHFFFAOYSA-O,CN1[B+]NC(C(=O)Nc2ccc(-c3ccncc3)cc2)CC1,68.19271798446044
LQRNXYBNMCXZTO-UHFFFAOYSA-N,COc1ccc(NC(=O)C2CCC2)cc1Br,96.19073984698251
YOYFVPKLANAVON-UHFFFAOYSA-N,CN1CCC(C(=O)Nc2ccccc2-c2ccc3c(c2)C=C=[C+]=C3)CC1,36.12873526011372
AYDQDUOLMMZTHT-UHFFFAOYSA-N,CN1CCC(C(=O)Nc2cccc(-c3ccccc3)c2)P1,30.070270991112196
ZUQCVJUGIYPSRU-UHFFFAOYSA-N,C[C-]1CCN(c2ccc(-c3ccc(Oc4ccccc4)cc3)cc2)C1,80.01902822595413
YEYPWAHNEHXMHO-UHFFFAOYSA-N,CC1C(C(=O)Nc2cccc(-c3ccccc3)c2)CN1C,61.63294575298877
GQPCKUNPJNAIGA-UHFFFAOYSA-N,CCPC(=O)Nc1cccc(-c2csc3ccccc23)c1,40.61034790684672
NBOIQUPGGSDHLP-UHFFFAOYSA-N,Cc1ccc(-c2ccc(NC(=O)C(C)C)cc2)cc1O,82.04533176907049
RLDDGAVJOMSHOT-UHFFFAOYSA-N,c1cc(Oc2ccc(-c3ccc(N4CCOCC4)cc3)cc2)ccn1,100.62583538898875
LNBBSCFNWVVGOH-UHFFFAOYSA-N,COc1ccc(-c2ccc(NC(=O)[C+](C)[S-])cc2)cc1O,54.48996178078565
PJVASIJZOPVTCU-UHFFFAOYSA-N,CN1CCC(C(=O)Nc2ccc(Pc3ccncc3)cc2)CC1,40.18277546174089
KRRCNMJJMGGPGY-UHFFFAOYSA-N,[C+]=C(C)C(=O)Nc1ccc(-c2cccnc2)cc1,76.11641489987024
MURPDFYSCJAHLF-UHFFFAOYSA-N,CN1CCC(C(=O)Nc2ccc(-c3ccc4c(c3)C=CC4)cc2)CC1,24.150233351746675
UHWLNEMYKNVXRH-UHFFFAOYSA-O,CN1[B+]C(C(=O)Nc2ccc(-c3ccncc3)cc2)CC1,70.10301657163048
QUZGFWKZEGRUNH-UHFFFAOYSA-N,CC(=O)Nc1ccc(S(=O)(=O)NCc2bcc3c(c2)OCO3)cc1,103.72971288459905
PEJZMZSIFFKDKS-UHFFFAOYSA-O,CN1C[C-][P+](N)(c2ccc(NC(=O)CN3CCc4ccccc4C3)cc2)CC1,108.56301599181151
PINFQNPETONNMU-UHFFFAOYSA-N,CC(=O)Nc1ccc(-c2csc3ccccc23)cc1,85.80366619618299
GHISNPKVHHQSSV-UHFFFAOYSA-N,CN1CCC(C(=O)Nc2cccc([N+]C3C=C3)c2)CC1,63.64655823295134
KXUDKKQRJUSDQH-UHFFFAOYSA-N,[C+]N(C)C1CN1c1ccc(NC(=O)CN2CCc3ccccc3C2)cc1,109.51660497344562
WGMAUWAYYGZOBN-UHFFFAOYSA-O,CN1CCC(C(=O)Nc2cccc(C3=BCCC=[S+]3)c2)CC1,76.33343473498854
BFMCWLWXHDQMIG-UHFFFAOYSA-N,C1=CC(Oc2ccc(-c3ccc(N4CCOCC4)cc3)cc2)=C1,20.292969726931325
ZHNMSFNVHJAGAQ-UHFFFAOYSA-N,CN1C[SH](C(=O)Nc2ccccc2-c2ccc3ccccc3c2)C1,49.682531599769845
JRCIJQAUOJDLEI-UHFFFAOYSA-N,O=S(=O)(NCc1ccc2c(c1)OCO2)c1ccc(NCF)cc1,129.39104654649876
NSWACCHCQVHOAL-UHFFFAOYSA-N,CN1CCCCC(C(=O)Nc2ccc(-c3ccc4ccccc4c3)cc2)S1,62.02959517649627
XLACEANDSQCYCR-UHFFFAOYSA-N,[B+]c1[c-]ccc(NC(=O)C2CCN(C)CC2)c1,56.185169296447434
WJFOPBNLEQEROW-UHFFFAOYSA-N,CC(C)C(=O)Nc1cccc(-c2csc3c(O)cncc23)c1,66.98455688158383
RUYMQXXIUZIWDG-UHFFFAOYSA-N,c1ccc(OCc2ccc(-c3ccc(N4CCOCC4)cc3)cc2)cc1,123.45483879207941
AENKUEAWUHNYEE-UHFFFAOYSA-N,C[SH]1CCC(C(=O)Nc2ccc(-c3ccncc3)cc2)C1,60.15640371658967
YSASZOJXJDZGIG-UHFFFAOYSA-N,CC(=O)NC1=C=C(S(=O)(=O)NCc2ccc3c(c2)OCO3)C=C1,14.053914368452142
DNWFUXDNMWMPKA-UHFFFAOYSA-N,C=[PH]=CC=C1CN(CC(=O)Nc2ccc(N3CCN(C)CC3)cc2)CCC1=C,75.05659685572041
KKFMTKUCBDYVBP-UHFFFAOYSA-N,CC(CBr)C(=O)Nc1ccc(-c2cccnc2)cc1,82.833189053676
VNROBXVDHOIRGM-UHFFFAOYSA-N,[C-]=C(Nc1ccc(-c2ccc(OC)c(O)c2)cc1)C(C)C,54.3822315258557
YUPDMNQXAIBBDS-UHFFFAOYSA-N,CN1CCC(C(=O)Nc2cccc([N+]c3ccccc3)c2)C1,57.86200754541986
IYYJMQKUTAYYSD-UHFFFAOYSA-N,CC(=[N+])C(=O)Nc1cccc(-c2csc3ccccc23)c1,84.7311678169947
UCZWCUZFOOFGFV-UHFFFAOYSA-N,COc1ccc(-c2ccc(NC(=S)C(C)I)cc2)cc1O,50.58166260604303
KQGGZQIIIYHMOS-UHFFFAOYSA-N,C[P-]#COCNc1ccc(S(=O)(=O)NCc2ccc3c(c2)OCO3)cc1,132.80692076717187
KLZGEUFWIONWRF-UHFFFAOYSA-N,CN1CCN(c2ccc(-c3ccccc3)cc2)CC1,64.81871816778734
PDQRYYNFHCTDMK-UHFFFAOYSA-N,C=Cc1ccc(-c2ccccc2NC(=O)C2CCN(C)CC2)cc1C=C,51.51119128730215
KCLHNYWAGALJMY-UHFFFAOYSA-N,[C+][SH](=O)(NCc1ccc2c(c1)OCO2)c1ccc(NC(C)=O)cc1,59.08120448944662
AOTODBABRDEALE-UHFFFAOYSA-N,COc1ccc(NC(=O)C2CC=NCC2)cc1Br,53.299427863664334
YFFSVXCCKVNQTJ-UHFFFAOYSA-N,CN1CCC(C(=O)Nc2[c-]c(-c3ccccc3)ccc2)CC1,48.347283019609
KLOPUEDBHVYJOG-UHFFFAOYSA-N,O=C(C[P+])Nc1ccc(-c2cccnc2)cc1,77.68902227786691
OROOGKHADBXAFJ-UHFFFAOYSA-N,C[P-]=[O+]OCNc1ccc(S(=O)(=O)NCc2ccc3c(c2)OCO3)cc1,138.35839988946023
PLDLVIHSCUCOTB-UHFFFAOYSA-N,B[N+]1CN(C)CCC1C(=O)Nc1ccc(-c2ccncc2)cc1,65.11608525625707
FDACUQIEQXLSRV-UHFFFAOYSA-N,CN1CCN(c2ccc(-c3csc4ccccc34)cc2)C[N-]1,47.42046223481353
VLLDVVDNOMBAGL-UHFFFAOYSA-N,CCC(=O)Nc1ccc(-c2cccnc2)cc1,94.13333784087722
KKFSIOPGZQRERY-UHFFFAOYSA-N,CN1CCN(C2=[PH]=C=C(NC(=O)CN3CCc4ccccc4C3)C=C2)CC1,42.880893334069725
LIJZRTWBGPSZCY-UHFFFAOYSA-N,CC(Br)C(=O)Nc1ccc(-c2csc3ccccc23)cc1,81.96466142011072
ZASWRGXBWZPWFD-UHFFFAOYSA-N,C[S-]1CNC[S+]N1c1ccc(NC(=O)CN2CCc3ccccc3C2)cc1,116.14091012318262
WUDHKGGSKMIBFZ-UHFFFAOYSA-N,O=S(=O)(NCc1ccc2c(c1)OCO2)c1ccc(NCOC=[S+])cc1,130.96145392201012
WZGKXVPRVOWAGR-UHFFFAOYSA-M,CN1CCC([N-]C(=O)Nc2ccc(-c3ccc4ccccc4c3)cc2)CC1,62.3591515447067
HCSHTARCHLMDCW-UHFFFAOYSA-N,CC(C)C(Nc1cccc(-c2csc3ccccc23)c1)=[O+]O,76.97966420762043
IPRBKQXEBFZWAT-UHFFFAOYSA-N,CN1CCN(c2ccc(NC(=O)CN3[C+]#Cc4ccccc4C3)cc2)CC1,77.24615591380903
ZPFJCNIADPHNDC-UHFFFAOYSA-N,CN1CCC(C(=O)c2ccc(-c3ccc4ccccc4c3)cc2[P-])CC1,51.0270341065901
GEEMHUKTRJMEBQ-UHFFFAOYSA-N,NC(=O)Nc1ccc(-c2csc3ccccc23)cc1,80.56595058039075
UEEBNVKZGQXWCP-UHFFFAOYSA-N,CN1CC[C-]([n+]2ccc(-c3csc4ccccc34)cc2)CC1,52.09904366129943
KEOSJINZDARWOX-UHFFFAOYSA-N,CN1CCC(C(=O)PNc2ccccc2-c2ccc3ccccc3c2)CC1,17.8950134116954
MPMUTFJOJRZHGW-UHFFFAOYSA-N,CNCCC(=O)Nc1ccc(-c2ccc(OC)c(O)c2)cc1,76.88156770999281
FIQPXUQPWJCTBF-UHFFFAOYSA-M,CC=Cc1cc(-c2ccccc2NC(=O)C2CCN(C)CC2)ccc1[S-],57.5836132418757
DKVODNSVXFXAOX-UHFFFAOYSA-N,O=C[P-]c1ccc(S(=O)(=O)NCc2ccc3c(c2)OCO3)cc1,120.30574690176007
CAEXLEQHEPNWHN-UHFFFAOYSA-N,C=C=[S-]c1cccc(-c2ccccc2NC(=O)C2CCN(C)CC2)c1,63.61209494098267
MNWRBFAMGGNYGS-UHFFFAOYSA-N,CCC([P-])C(=O)Nc1ccc(-c2cccnc2)cc1,77.86793219270668
BGINKHULXCOJBT-UHFFFAOYSA-N,CC([N-])C(=O)CNc1ccc(-c2csc3ccccc23)cc1,75.05969978157354
GQQUMFCPWCGREX-UHFFFAOYSA-N,COc1ccc([P+]c2ccc(N3CCN(C)CC3)cc2)cc1,48.54056206026667
VXCNWLHGHPHCQU-UHFFFAOYSA-O,CC(=O)Nc1ccc(S(=O)(=O)NCc2ccc3c(c2)OCO3)c[p+]1C,113.86972420569474
FOYPTWMCOVHYJE-UHFFFAOYSA-O,CC(=O)Nc1ccc([SH](#[O+])NCc2ccc3c(c2)OCO3)cc1,60.407643846569506
LEJYAVVTASDVGW-UHFFFAOYSA-O,CN1CCC(C(=O)Nc2cccc(-c3ccccc3)[s+]2)CC1,47.65413295451133
ATIOXIJHPNABBQ-UHFFFAOYSA-N,CN1CCC(C(=O)Nc2ccc(C3=CC=N[P-]=C3)cc2)CC1,46.50043323750658
SHQGOAGIPIOGPT-UHFFFAOYSA-N,CC(=O)Nc1ccc(S(=O)(=[C+]=O)NCc2ccc3c(c2)OCO3)cc1,114.89246803423639
RBPJVYJNBXFELM-UHFFFAOYSA-N,CC=C=[S-]c1cccc(-c2ccccc2NC(=O)C2CCN(C)CC2)c1,61.06994810550133
LTRXTYJSGAEEAA-UHFFFAOYSA-N,Cc1ccc(NC(=O)C2CCN(C)[S+]C2)cc1,62.165513722731276
IWOZPSGWQYCTIQ-UHFFFAOYSA-N,O=C(Nc1ccc(-c2ccncc2)cc1)C1C[SH]C1,76.77366391290518
AXNSMMRPWJQAOA-UHFFFAOYSA-N,O=C(Nc1cccc(-c2ccccc2)c1)C1CCN([S-])C(P)C1,49.663419464898645
YHXFGQVFMQVNGY-UHFFFAOYSA-N,CC1CNC[S+]N1c1ccc(NC(=O)CN2CCc3ccccc3C2)cc1,105.15627154423095
JXUSIJICDAOBEI-UHFFFAOYSA-N,C[N+](C)=[P-]([P+])C(=O)Nc1cccc(-c2csc3ccccc23)c1,73.53271296004755
GNPKWZLCAIAVEE-UHFFFAOYSA-N,CC1CC(C(=O)Nc2ccc(-c3ccc4ccccc4c3)cc2)CS1,73.05894930466302
MHRYHUQCSWGZTF-UHFFFAOYSA-N,CN1CCN(c2ccc(Oc3ccccc3)c(-c3ccccc3)c2)CC1,55.61881047419823
IUASJUTZSVIIOX-UHFFFAOYSA-N,CN1[C-]CC(C(=O)Nc2cccc(-c3ccccc3)c2)CC1,81.3736804175506
TUHLPNISABGBHF-UHFFFAOYSA-N,CN1CCC(C(=O)c2ccccc2-c2ccc3ccccc3c2)CC1,59.7241698984043
KDZGSFZJADBVPJ-UHFFFAOYSA-N,[B-]c1cc(NC(=O)C(C)C)ccc1-c1cccnc1,67.3517224875707
CSAJKXXAZLUUAB-UHFFFAOYSA-N,CC([S+])C(=O)Nc1ccc(-c2csc3ccccc23)cc1,80.93699914331964
PDKYKYPYTMQCFH-UHFFFAOYSA-N,CN1CCC(C(=O)Sc2ccc(-c3ccc4ccccc4c3)cc2)CC1,45.081500606714904
VAKFTKWFGYBEFN-UHFFFAOYSA-N,O=CN1CCC(C(=O)Nc2cccc(-c3ccccc3)c2)C[N+]1,72.72898561018722
HOKACTYNBUGWTM-UHFFFAOYSA-N,CC(=O)Nc1ccc(S(=O)(=O)NCc2ccc3c(c2)[N-]CO3)cc1,118.9992812152504
DGVZKZOGDNGTGL-UHFFFAOYSA-O,CN1CCC(C(=O)Nc2c[s+]ccc2-c2ccc3ccccc3c2)CC1,64.29993865856046
GHWIUEADGXXIOF-UHFFFAOYSA-N,CC(=O)CNc1ccc(-c2csc3ccccc23)cc1,71.3671379304842
QBIYGXCJNJEQGC-UHFFFAOYSA-O,CN1CCC(C(=O)Nc2ccc(-c3ccc4ccccc4[o+]3)cc2)CC1,85.63601065747086
IQWDLWWIKYKIFD-UHFFFAOYSA-N,CC(C)C(=O)SNc1ccc(-c2cccnc2)cc1,38.520389923106094
YVQOBBGLUVTJQI-UHFFFAOYSA-N,[C-]c1ccc(-c2ccc(N3CCN(C)CC3)cc2)cc1,40.713735747532965
PGFYUVCZIBLCKX-UHFFFAOYSA-N,CC1CN(C)C1C(=O)Nc1cccc(-c2ccccc2)c1,49.98853688074082
XHQHQVUIBYCSOZ-UHFFFAOYSA-N,CN1CCN(c2ccc(-c3ccc(Cc4ccccc4)cc3)cc2)CC1,98.52940164377189
PIFGHVRBXAAQLT-UHFFFAOYSA-N,COc1ccc(NC(=O)C2CCCCCC2)cc1Br,117.96163593219298
GHWAPFYNGVZBJD-UHFFFAOYSA-N,CC(C)C(=O)c1cccc(-c2csc3ccccc23)c1,77.80145152749247
ZGRHGKQITIXVAP-UHFFFAOYSA-N,CN1CC[SH]C([P-]C(=O)Nc2ccccc2-c2ccc3ccccc3c2)CC1,53.30964611052229
VWHMKUNMLJONFD-UHFFFAOYSA-O,CN1CCC(C(=O)Nc2ccccc2-c2ccc3c(c2)C=[C+]=[O+]C3)CC1,61.94822647998623
CZNLZXDQMYRTJZ-UHFFFAOYSA-N,CN1CCC(C(=O)Nc2ccccc2-c2ccccccc3cc2-3)CC1,43.21186318412672
KZZVQQMLRWDMHY-UHFFFAOYSA-N,CN1CCC(C(=O)Nc2ccccc2-c2cccc([P-]=c3cc3)c2)CC1,67.2561939820171
TUQQEUIGBLYBGF-UHFFFAOYSA-N,[B+]N1CCN(c2ccc(-c3ccc(OC)cc3)cc2)CC1,60.7094791648299
PHCIEGXYCWEHDU-UHFFFAOYSA-N,[B-]=C(Nc1cccc(-c2csc3ccccc23)c1)C(C)C,76.98452193356574
HSCCUNGMYWYYBH-UHFFFAOYSA-N,[C-]CC(C)C(=O)Nc1cccc(-c2csc3ccccc23)c1,95.98713296959068
UHUNFRKKNSCSAD-UHFFFAOYSA-N,B#CC(=O)Nc1ccc(-c2ccc(OC)c(O)c2)cc1,58.60898335326292
MHDTUBIFEVKAGS-UHFFFAOYSA-N,B[SH]1CCC(C(=O)Nc2ccc(-c3ccc4ccccc4c3)cc2)CC1,80.4918559462442
VLSKJINTLHGGBS-UHFFFAOYSA-N,CN1CCC(C(=O)Nc2ccc(-c3ccncc3)cc2[P-])CC1,64.78214368505134
CPPJTDLVJUENFJ-UHFFFAOYSA-N,CN1CCC(C(=O)Nc2ccccc2)C1,63.71918598657686
GCOUDYVHKHRJMC-UHFFFAOYSA-N,C[SH]1CCC(C(=O)Nc2cccc(-c3ccccc3)c2)C1,57.92106107670646
WOKRBFLIKRCAEW-UHFFFAOYSA-N,CN1CCC(C(=O)Nc2cccc(C3=[C+]=CC=C3)c2)CC1,67.33848900226626
DLPBXGSKMIXULD-UHFFFAOYSA-N,CN1CCC(C(=O)Nc2ccccc2-c2ccc3c(c2)[SH]#[N+]C=C3)CC1,54.19260469289345
ICGHDTYJMKJJFG-UHFFFAOYSA-N,CC(=O)Nc1ccc(S(=O)(=O)NC[P+]c2ccc3c(c2)OCO3)cc1,98.85926662390479
JEKDMYQOJGYMCY-UHFFFAOYSA-N,CN1CCN(C2=CC=C(NC(=O)CN3CCc4ccccc4C3)NC2)CC1,39.0835677891514
BSDXYWFVLMLCRQ-UHFFFAOYSA-N,CN1[O+]CN(c2ccc(-c3csc4ccccc34)cc2)C[P+]1,47.821461214810455
BVMDUSIMNCQVPJ-UHFFFAOYSA-O,C[C+]1CCC(C(=O)Nc2ccccc2-c2ccc3ccccc3c2)CO1,70.82991429140641
WZAAFRXPJHYYHC-UHFFFAOYSA-N,CC(=O)Nc1ccc(S(=O)(=O)NCCc2ccc3c(c2)OCO3)cc1,178.2993953074724
XAAKITLIMUHHEF-UHFFFAOYSA-N,CN1CC(C(=O)Nc2ccc(-c3ccc4ccccc4c3)cc2)C[P+][N+]1C,77.1071750790123
HQMRYMLAPXUADM-UHFFFAOYSA-N,CN1C[C+]N(c2ccc(-c3ccc(Oc4ccccc4)cc3)cc2)CC1,78.60632632909865
HNVUAXPGTIDIAD-UHFFFAOYSA-O,O=C(Nc1ccc(-c2ccncc2)cc1)C1CC[S+]([P+])CC1,94.43236224766744
DQYJPRHQOZZSCD-UHFFFAOYSA-N,C[SH]1CCN(c2ccc(-c3ccc(Oc4ccccc4)cc3)cc2)CC1,70.71700131579266
CGFIOVAPFVSJAO-UHFFFAOYSA-N,[C-]=C(C)Nc1ccc(-c2csc3ccccc23)cc1,67.98478793572825
MTDYHEGLSIOXKJ-UHFFFAOYSA-N,COc1ccc(-c2ccc(N3CCN(CF)CC3)cc2)cc1,60.13578883649254
COEWNBSBMXAWDJ-UHFFFAOYSA-N,CN1CCC(C(=O)Nc2ccccc2-c2ccc3ccccc3c2)C1,77.7989357909812
ULOAMMQDOOJVMA-UHFFFAOYSA-N,CN1CN(c2ccc(-c3csc4ccccc34)cc2)C[N-]1,42.83387592232377
IBPYZVINSSXJFP-UHFFFAOYSA-N,CC(=O)c1ccc(S(=O)(=O)NCc2ccc3c(c2)OCO3)c[p+]1C,110.3572159624511
MQJWLYPZJZJNNC-UHFFFAOYSA-N,CC(C)C(=O)Nc1cccc(-c2csc3c2C=[SH]3)c1,56.75974833342621
PGYDXRWYNXAZKQ-UHFFFAOYSA-N,CC[O+]CC(=O)Nc1ccc(-c2csc3ccccc23)cc1,84.82908274511539
YLCFPSQUBQFNCF-UHFFFAOYSA-N,COc1ccc(-c2ccc(C(=O)C(C)C)cc2)cc1O,56.34188433291765
CGHXCEVTEWNCFH-UHFFFAOYSA-N,CC(=O)Nc1ccc([SH](Br)NCc2ccc3c(c2)OCO3)cc1,58.933193950645354
VBLITVSEPYTLAS-UHFFFAOYSA-N,[C+]Oc1ccc(-c2ccc(N3CCN(C)CC3)cc2)cc1,52.84909162263678
NWTKXDOIDUOFDM-UHFFFAOYSA-N,CP(C)C(=O)Nc1ccc(-c2csc3ccccc23)cc1,48.044452780062436
OAWMNYUCVVYQKA-UHFFFAOYSA-N,CC(C)C(=O)Nc1[c-]cc(-c2csc3ccccc23)cc1,66.79846171052817
IIJXZHNNXWNFHQ-UHFFFAOYSA-N,COc1ccc(NC(=O)C2CCNNC2)cc1Br,50.13733511005426
HOQBUBVLQCRKLK-UHFFFAOYSA-N,CN1CCC(C(=O)Nc2cccc(C3=CC=CC3)c2)C1,2.962393580014391
KSZIVLWAVWRYQE-UHFFFAOYSA-M,O=S(=O)(NCc1ccc2c(c1)OCO2)c1ccc(N=C[O-])cc1,125.47461865269344
SGHRUEFGZHEVNT-UHFFFAOYSA-N,C[SH]([N+])C(=O)Nc1ccc(-c2cccnc2)cc1,51.56352449327872
BFLXSGBPRKXEES-UHFFFAOYSA-N,[B-]c1cc(-c2cccnc2)ccc1NC(=O)C(C)C,65.94345784342948
JCUQVEKVZSSRNE-UHFFFAOYSA-N,CN1CCC(C(=O)Nc2ccccc2-c2ccc3ccccc3c2)CS1,48.48330394191895
VFILFTOXUWFHFX-UHFFFAOYSA-N,COc1ccc(NC(=O)C2CCN(C)NC2)cc1Br,56.80194637538185
DTVOSVHTPXHBCV-UHFFFAOYSA-N,CN1CCC(C(=[P+])Nc2ccc(-c3ccncc3)cc2)CC1,63.82091435174842
SNUUAXADTIQVPJ-UHFFFAOYSA-N,CC(C)C(=O)Nc1ccc(N[O+])c(-c2csc3ccccc23)c1,84.0362713465948
SKSVOKMEWRBMCD-UHFFFAOYSA-N,CN1CC[S-](c2ccc(-c3csc4ccccc34)cc2)CC1,49.90989871170895
FLSTYCMIPPGBPE-UHFFFAOYSA-O,CN1CCC([B+][S-]C(=O)Nc2ccc(-c3ccncc3)cc2)CC1,64.33024209233508
WJSGPBGCZAUJRW-UHFFFAOYSA-N,CN1CCC(C(=S)Nc2ccc(-c3ccc4ccccc4c3)cc2)CC1,59.71027060303585
BFFMRGVELQRFOJ-UHFFFAOYSA-N,CN1CCC(C(=O)Nc2cc[c-]c([B-]c3ccccc3)c2)CC1,63.77000698817775
YQXXOBIDMHIJHP-UHFFFAOYSA-N,[N-]=C(Br)Nc1ccc(-c2csc3ccccc23)cc1,64.20942180366775
LDZSMKNULIIOMG-UHFFFAOYSA-M,CC(C)C(=O)[N-]c1ccc(-c2csc3ccccc23)cc1,65.22398680189563
LCDDVZQQABTBKQ-UHFFFAOYSA-N,COc1ccc(NC(=O)C2CCC(C)C2)cc1Br,77.61528956516575
BENXLYWVMDVNGK-UHFFFAOYSA-N,c1ccc(Oc2ccc(-c3ccc(N4CC[P-]CC4)cc3)cc2)cc1,85.94127350336632
ZTHUEERKWYKFSA-UHFFFAOYSA-N,Cc1ccc(S(=O)(=O)NCc2ccc3c(c2)OCO3)c[o+]1,108.57526735620336
BOXRUSUZEXWGIF-UHFFFAOYSA-O,N[S+]1CCC(C(=O)Nc2ccc(-c3ccncc3)cc2)CC1,94.2862708610392
JZFIWANSKKMBIE-UHFFFAOYSA-N,CN1CCN(c2ccc(-c3csc4ccccc34)cc2)C1,32.46515655517578
NDCNCEWGAMIWAX-UHFFFAOYSA-N,[N+]=CC(=O)Nc1cccc(-c2csc3ccccc23)c1,82.8259378308334
VGFYCOHSYFQJPQ-UHFFFAOYSA-N,CN1CCN([n+]2ccc(-c3csc4ccccc34)cc2)CC1,56.01479841298217
KXEIFFLGBNPAQR-UHFFFAOYSA-N,CCc1ccc(NC(=O)C2CCN(C)CC2)cc1Br,80.95013136458111
IHVIPEZJJMOBOH-UHFFFAOYSA-O,CC(=S)N[p+]1ccc(S(=O)(=O)NCc2ccc3c(c2)OCO3)cc1,115.64256697190008
NAEAJMUFZZPKNP-UHFFFAOYSA-N,c1ccc2c(-c3ccc(N4CC[P+]C4)cc3)csc2c1,48.14407101708401
LMARJQWCMSVLKB-UHFFFAOYSA-N,CN1CCC(C(=O)Nc2ccccc2-c2ccnpc2)CC1,20.00410268078593
OSGLDQPOICHMSM-UHFFFAOYSA-N,C[P-](=O)[P+]c1ccc(S(=O)(=O)NCc2ccc3c(c2)OCO3)cc1,124.01222430700233
UCOYSNGDANZTLD-UHFFFAOYSA-N,C#CCc1ccc(-c2ccccc2NC(=O)C2CCN(C)CC2)cc1,96.18745023784453
XMWHCMHZGHYYRO-UHFFFAOYSA-O,C[P+]1=CCC(C(=O)Nc2ccc(-c3ccc4ccccc4c3)cc2)CC1,84.52371429077682
CQDSQDZBGRULLF-UHFFFAOYSA-N,CPc1ccc(NC(=O)C2CCN(C)CC2)cc1,21.647299208404565
LJADMJYPDWBXAO-UHFFFAOYSA-N,CC([P-][S+])C(=O)Nc1ccc(-c2cccnc2)cc1,76.30461048267138
BQNGBFCNUNKGLN-UHFFFAOYSA-N,CC(C)C(Nc1ccc(-c2cccnc2)cc1)=[O+]O,65.6997673771
UBFKMDBSVKCQKW-UHFFFAOYSA-N,CC1C=CC(c2ccc(NC(=O)C3CCN(C)CC3)cc2)=C1,7.405112640058584
XQQSFDDXOQASLR-UHFFFAOYSA-N,CC1CCCC(C(=O)Nc2ccccc2-c2ccc3ccccc3c2)C1,86.60404029030352
VRVHBAWFGMRUFF-UHFFFAOYSA-M,CC(=O)Nc1ccc(C(=O)[N-]NCc2ccc3c(c2)OCO3)cc1,92.97461152603971
CFWSPBFTCAZVRO-UHFFFAOYSA-N,CC(=[S-])Nc1ccc(-c2cccnc2)cc1,61.18355773637068
PZTGCTOYGGOLNF-UHFFFAOYSA-N,C#CCc1ccc(-c2ccc(NC(=O)C3CCN(C)CC3)cc2)cc1,108.86993406386524
JDBRPWXNMYLBAL-UHFFFAOYSA-N,CCC(=O)Nc1cccc(-c2csc3ccccc23)c1,97.04135569898338
PUGVKJCIMLLIKV-UHFFFAOYSA-N,COc1ccc(-c2ccc(N3CCN(C)C3)cc2)cc1,32.04725995658831
VKTKGBOBXCMHPN-UHFFFAOYSA-N,CN1CCN(c2ccc([C-]c3csc4ccccc34)cc2)CC1,58.541466296584474
BRIHYBOWKHOTGG-UHFFFAOYSA-N,C#[B-]C=[P+](C)C(=O)Nc1cccc(-c2csc3ccccc23)c1,74.13339414885782
PJCRYAJAFZIRAS-UHFFFAOYSA-N,OC1CN(c2ccc(-c3ccc(Oc4ccccc4)cc3)cc2)CCO1,54.59091941184938
BYOHDVRLIHFURH-UHFFFAOYSA-O,CN1CC(C(=O)Nc2cccc(-c3ccccc3)c2)C[C+]1P,65.62827745831518
MDKNPFBZHVUWBV-UHFFFAOYSA-N,COc1ccc(-c2ccc(NC(=O)C(=[O+])C[O+])cc2)cc1O,66.51777809957669
BVDCZWGHIAOXTG-UHFFFAOYSA-N,[B-]C(C)C(=O)NNc1ccc(-c2cccnc2)cc1,72.82173087692274
NQZIXKXEPDPWFX-UHFFFAOYSA-N,CN1CCC(C(=O)Nc2ccc(-c3ccc4c(c3)C4)cc2)CC1,56.53735631564512
MZGADSCYWAWUSO-UHFFFAOYSA-N,Cc1cccc(NC(=O)C2CCN(C)CC2)c1,90.38875900800574
SAUVHJCNZNRSKI-UHFFFAOYSA-N,COc1ccc(-c2ccc(NC(=O)CCl)cc2)cc1O,76.16576886275149
SSUUTPNWUWCJBW-UHFFFAOYSA-N,[B+]C(Nc1cccc(-c2csc3ccccc23)c1)C(C)C,70.36330521659372
FLBYWENDQUDQLY-UHFFFAOYSA-O,[C+]#CC(C)CC(=O)Nc1ccc(-c2cccnc2)cc1,90.02280805988865
YDZNKQQJNAJEBS-UHFFFAOYSA-N,O=C(Nc1ccc(O[P+])c(Br)c1)C1CCC1,77.53865630184515
XGWKVHXDIZEFKZ-UHFFFAOYSA-N,CN1CCC(C(=O)Nc2cccc(C3=NCC=CC3)c2)CC1,42.68044878284045
GNRXWRXGEJKNTA-UHFFFAOYSA-N,[B-]#CN1CCC(C(=O)Nc2cccc(-c3ccccc3)c2)CC1,98.41266014680181
HPIXUYACCVZWRN-UHFFFAOYSA-N,CC(C=O)Nc1ccc(-c2csc3ccccc23)cc1,47.492749994606136
BINPMPPIJLZTCG-UHFFFAOYSA-N,CN1CCN(c2ccc(N[P+]C(=O)CN3CCc4ccccc4C3)cc2)CC1,95.65422437079495
JTNJSQAOUXRHPT-UHFFFAOYSA-O,CC(=O)Nc1ccc(S(=O)(NCc2ccc3c(c2)OCO3)=[O+]P)cc1,104.2329433698843
VMXYGPMQMHVBOV-UHFFFAOYSA-N,COc1ccc(C(=O)C2CCN(C)CC2)cc1Br,77.49311804125865
ZVIOTJNAJVRSJP-UHFFFAOYSA-N,CC(=O)Nc1ccc(S(=O)(=O)[P+][P-]Cc2ccc3c(c2)OCO3)cc1,83.1212864275995
USEGUAXEZOCCGG-UHFFFAOYSA-N,CC(=O)NC1=[C+]=C=C(S(=O)(=O)NCc2ccc3c(c2)OCO3)C1,81.13408484692224
HWSVQQNOENGUEQ-UHFFFAOYSA-N,CN1CCC(C(=O)Nc2cccc(C3CC=CC3)c2)CC1,62.708298396390255
ZIORSUQVMRUDRU-UHFFFAOYSA-N,O=S(=O)(NCc1ccc2c(c1)OCO2)c1ccc(I)cc1,154.77186584472656
ZJEIHNFCATWVHI-UHFFFAOYSA-O,CN1CCC(C(=O)Nc2cccc(C3=[C+]=C[C+]=C3)c2)CC1,78.09522973655717
HPNGUWAIUJCUOC-UHFFFAOYSA-M,COc1ccc(-c2ccc(NC(=O)C(C)(O)[S-])cc2)cc1O,65.47704742221306
IEYDOLLLIAGMNK-UHFFFAOYSA-N,CN1CCN(c2ccc(N[P+]C(=O)CN3CCc4ccccc4C3)cc2)C1,55.138788168415815
WIWYXOWDMFLZNN-UHFFFAOYSA-O,CN1CCC(C(=O)Nc2ccccc2-c2ccc3c(c2)[P+]=[C+]=[O+]C3)CC1,68.35430103826481
CPKFOBHPAHPWPR-UHFFFAOYSA-N,CN1CCN(c2ccc([C-][S+]c3ccc(Oc4ccccc4)cc3)cc2)CC1,81.25616791043808
GMFLRHJDMMSLBX-UHFFFAOYSA-N,[C-]c1ccc(-c2ccc(NC(=O)C(C)C)cc2)cc1O,71.89578972085356
VDMHTGZGYJBNPL-UHFFFAOYSA-N,O=C(Nc1ccc(-c2ccncc2)cc1)C1CC[SH](P)CC1,66.96325799377676
RQOXPJUZLZNHAM-UHFFFAOYSA-N,CN1CCC(C(=[P+])Nc2ccc(-c3ccncc3)cc2)C1,58.96836194573984
GCEQZQIQTAMELE-UHFFFAOYSA-N,COc1ccc(-c2ccc(NC(=O)C(C)C)cc2)cc1,109.09669757326587
CXQVNKOGUVLXTA-UHFFFAOYSA-N,CC(O)CNc1ccc(-c2csc3ccccc23)cc1,69.6222162589227
MAEPHQYSMCMVDX-UHFFFAOYSA-N,CN1CCP(#SC(=O)Nc2ccccc2-c2ccc3ccccc3c2)CC1,35.970361241118106
KIHUZTBJIPIATA-UHFFFAOYSA-N,C[S-](F)C(=O)Nc1ccc(-c2csc3ccccc23)cc1,70.70924078177939
WQCNADJEDATEOY-UHFFFAOYSA-N,CN1CCC(C(=O)Nc2cc[c-]c(-c3ccccc3)c2)CC1,68.08727586497639
UHIJOQAYUUXFRH-UHFFFAOYSA-N,CC(C)C(=[S-])Nc1ccc(-c2cccnc2)cc1,65.96259199831455
KUZQEJFJHAWAQO-UHFFFAOYSA-O,C[S+]=C(C)C(=O)Nc1cccc(-c2csc3ccccc23)c1,86.74607804888025
JXBQPPRAQPXRSJ-UHFFFAOYSA-N,CN1CCC(C(=O)Nc2ccc(-c3[c-]cc4ccccc4c3)cc2)CC1,87.08290997460863
YHRAXIQSWWMDDE-UHFFFAOYSA-N,CC(O)C(O)Nc1cccc(-c2csc3ccccc23)c1,55.16216367274921
HSHCVXVOUDXMPF-UHFFFAOYSA-N,COc1ccc(-c2ccc(NC(=O)C(C)O)cc2)cc1O,63.419916276164365
AEGJTCYOBGWDJH-UHFFFAOYSA-N,CC(=O)Nc1ccc(S(=O)(=O)NCc2ccc3c(c2C)OCO3)cc1,101.9324082117756
NSCLAEOAABTYSX-UHFFFAOYSA-N,O=S(=O)(NCc1ccc2c(c1)OCO2)c1ccc([P+]=S)cc1,124.59666209784945
VGZXKLQZURRWDA-UHFFFAOYSA-N,O=C(Nc1ccc(-c2ccncc2)cc1)C1CCNC1,58.34635876697905
NQFQHCSOMPRDAV-UHFFFAOYSA-N,COc1ccc([N+]C(=O)C2CCN(C)CC2)cc1Br,46.18075019480279
XLNXOTSOPFVZCJ-UHFFFAOYSA-N,BN1CCCC(C(=O)Nc2cccc(-c3ccccc3)c2)C1,95.15470620003167
FBRUHVLJHIZEHG-UHFFFAOYSA-O,[B+]=C[SH](#C)C(C)C(=O)Nc1ccc(-c2csc3ccccc23)cc1,68.30587957254757
NSKFOAQSTMYAKS-UHFFFAOYSA-N,CC(=O)NCC1=CC=C1S(=O)(=O)NCc1ccc2c(c1)OCO2,61.88250593309835
XCRCRJRBVYBOOX-UHFFFAOYSA-N,CO[S+]c1ccc(-c2ccc(N3CCN(C)CC3)cc2)cc1,42.76650955810361
QDVWDDMWDLVWDJ-UHFFFAOYSA-N,C[SH]1CCC(C(=O)Nc2cccc(-c3ccccc3)c2)CC1,74.97861462697972
ZXKKTOSVBVWZFD-UHFFFAOYSA-N,CN1CCC(C(=O)Nc2cccc(C3=[C+]=CC=CC3)c2)CC1,58.57950166659301
VKSHPYRVEPNTEX-UHFFFAOYSA-N,CC(C)C(=O)c1ccc(-c2csc3ccccc23)cc1,76.17950019341141
XUUHSBZFBYYXCX-UHFFFAOYSA-N,CN1CCC(C(=[S-])PNc2ccccc2-c2ccc3ccccc3c2)CC1,29.339485164408085
MPGBNJKPYBAROJ-UHFFFAOYSA-N,CN1CCC(C(=O)Nc2ccc(Br)cc2)CC1,92.31880790628445
XCDMXHOAZKYMOI-UHFFFAOYSA-M,COc1ccc(-c2ccc(NC(=O)C(C)CO[S-])cc2)cc1O,78.61974069581453
BQELTCGQHYEMGW-UHFFFAOYSA-N,CC(=O)NC1=S=C=C(S(=O)(=O)NCc2ccc3c(c2)OCO3)C1,80.47264812477081
YAMMFGLESHHQSU-UHFFFAOYSA-N,CCC(=O)Nc1ccc(-c2csc3ccccc23)cc1,98.13222087187503
OQWOZXHKCSFVJR-UHFFFAOYSA-N,[P-]Oc1ccc(-c2ccc(N3CCOCC3)cc2)cc1,57.28639732551468
CVYVFJGSYMBJPY-UHFFFAOYSA-N,CC(=O)Nc1cc[b-](S(=O)(=O)NCc2ccc3c(c2)OCO3)cc1,96.05535199497106
NBJQPRWDIWAMBA-UHFFFAOYSA-N,O=CCNc1ccc(S(=O)(=O)NCc2ccc3c(c2)OCO3)cc1,125.45386553274297
ROZWAKSIFMYKAZ-UHFFFAOYSA-N,CN1CCCCC(C(=O)Nc2ccc(-c3ccc4ccccc4c3)cc2)C1,91.78395923914859
HYQDZANFSVVSDT-UHFFFAOYSA-N,CC=CSc1cccc(-c2ccccc2NC(=O)C2CCN(C)CC2)c1,55.29543366098347
PQTUBLRLOOLELH-UHFFFAOYSA-N,O=C[B-]Nc1ccc(S(=O)(=O)NCc2ccc3c(c2)OCO3)cc1,134.1800794308981
MOXYUBZNPVIAEQ-UHFFFAOYSA-N,CN1CC1C(=O)Nc1ccccc1-c1ccc2ccccc2c1,59.60670790516648
MGBOQDCHBBZXKT-UHFFFAOYSA-N,[C-]=CC(C)C(=O)[C+]Nc1cccc(-c2csc3ccccc23)c1,62.47293238654279
SDXAVNLFLJAVRA-UHFFFAOYSA-M,CN1CCC(C(=O)Nc2ccc([S-])cc2)C1,59.95015734552576
NXPZNKVJLLBFMZ-UHFFFAOYSA-N,CN1CCC(C(=O)NC2=CC=C(c3ccc4ccccc4c3)C=[P+]2)CC1,34.802005573274705
HVQSPQTUTOJRNX-UHFFFAOYSA-N,CN1CC(c2ccc(NC(=O)CN3CCc4ccccc4C3)cc2)C[N-]1,114.83840861215381
ZZFVGAIQUKQECR-UHFFFAOYSA-N,CC(=O)Nc1ccc(S(=O)(=O)NCc2ccc3bcoc3c2)cc1,131.2929543872185
KJUXTSHCDZNNGA-UHFFFAOYSA-N,CN1CCC(C(=O)Nc2cccc([N+]CI)c2)CC1,68.1797538079718
NTTLSTAZYRGYBJ-UHFFFAOYSA-N,CN1CCC(C(=O)Nc2cccc(-c3ccccc3)c2)C[S-]1,81.3736804175506
SRJXTVLXWAJILJ-UHFFFAOYSA-N,CC1CC(C(=O)Nc2cccc(-c3ccccc3)c2)CCN1[S+],74.64178287925374
MXPIHUSSXIKVGP-UHFFFAOYSA-N,CC(=O)Nc1ccc([C+]S(=O)(=[P-])NCc2ccc3c(c2)OCO3)cc1,100.5016940257287
AMDQVULTAUGTSU-UHFFFAOYSA-N,[C+]N1CCN(c2ccc(NC(=O)CN3CCc4ccccc4C3)cc2)C1,124.83438579109674
CUCYMBHQSPOAIE-UHFFFAOYSA-N,[C-]N1CCC(C(=O)Nc2ccc(C)cc2)C[S+]1,62.37808880044031
FRHTYVJLUWRNHS-UHFFFAOYSA-N,COc1ccc(-c2ccc(N3CCN(C)[N-]C3)cc2)cc1,47.00256591459332
ZUZFLKKHNWEBEK-UHFFFAOYSA-N,c1ccc2c(-c3ccc(N4CCCC4)cc3)csc2c1,73.49419993657102
ZBWQVEUEURJMJS-UHFFFAOYSA-N,CN1CCC(C(=O)Nc2ccccc2-c2ccc3c(c2)C=C[P+]3)CC1,60.01434447479727
IBZCXGLOTZTNPN-UHFFFAOYSA-N,[C-]c1cc(N2CCN(C)CC2)ccc1NC(=O)CN1CCc2ccccc2C1,117.39060259086278
FRLMJYLBSVCAGV-UHFFFAOYSA-N,CN1CCC(C(=O)c2ccc(-c3ccncc3)cc2)CC1,82.44569307483019
SGOKRJALCWBMNR-UHFFFAOYSA-N,CC(=O)Nc1ccc(S(=O)(=O)[P+][N+]Cc2ccc3c(c2)OCO3)cc1,84.87687354406498
AYPCUVLGDGIRRW-UHFFFAOYSA-N,CN1CCC(C(=O)Nc2ccc(-c3ccc4ccccc4c3)cc2)[P-]C1,66.943086213109
RKTOFZMVGCIJQM-UHFFFAOYSA-N,COc1ccc(NC(=O)[P-]2CCN(C)CC2)cc1Br,68.64721162539523
DVVNUZTUFOKXRB-UHFFFAOYSA-N,CN1CCC(C(=O)Nc2cccc(-c3cbccc3)c2)CC1,86.44003097056174
DJLQOIQOXRJOLS-UHFFFAOYSA-N,Cc1ccc(S(=O)(=O)NCc2ccc3c(c2)OCO3)cc1,149.12303750192538
ZCZXPQHYLBDLCC-UHFFFAOYSA-N,c1ccc(Oc2ccc3cc(N4CCOC4)cc-3cc2)cc1,42.43100487566323
MHZLAPMKRZMJAV-UHFFFAOYSA-O,CN1C[B+]C(C(=O)Nc2ccc(-c3ccncc3)cc2)CC1,69.49774459145391
PXVBNYMQGOGVOL-UHFFFAOYSA-N,Cc1ccc(NC(=O)C2CCN([S-])CC2)cc1,82.55475578080257
GAQHGMVTOHXZPM-UHFFFAOYSA-N,CC(C)C(=O)Nc1ccc(-c2csc3cccc([P-])c23)cc1,76.72586031913771
WGMOLWIHLNQFCX-UHFFFAOYSA-N,CN1CCC(C(=O)Nc2cccc(C3=CC=[S-]C=C3)c2)CC1,48.20080640492229
MUMRROUXERNKHH-UHFFFAOYSA-N,O=C(CI)Nc1ccc(-c2csc3ccccc23)cc1,83.12518558687327
QYBGCUGGFFYKHV-UHFFFAOYSA-N,CN1CCC(C(=O)Nc2cnccc2-c2ccc3ccccc3c2)C1,62.81313531166167
XUWVMKUKXDGLRQ-UHFFFAOYSA-O,[B+]=CC(=O)Nc1ccc(-c2csc3ccccc23)cc1,78.14898174938332
DDMYFTNOGUCNMB-UHFFFAOYSA-O,CN1CCN(c2ccc(NC(=O)CN3CCc4ccccc4C3)c[o+]2)CC1,105.1816022413467
IPFGOXWPMCBXBA-UHFFFAOYSA-N,CN1CCC(C(=O)Nc2ccccc2-c2ccc3ccccc3c2)[SH]C1,58.62953221699513
XJRYKXFSWOPBNM-UHFFFAOYSA-N,O=C(Nc1cccc(-c2ccccc2)c1)C1CCN(F)C([O+])C1,62.822943415196015
NNSGBULGFWBKGW-UHFFFAOYSA-N,CN1CCC(C(=O)Nc2cccnccc(I)cc2)CC1,96.91322311049157
LMOIWJPMOCCDEU-UHFFFAOYSA-N,O=C(Nc1cccc(-c2ccccc2)c1)C1CCNC1,55.41786750427015
GUMOHDQUJZTXTE-UHFFFAOYSA-M,CN1CCC([N-]C(=O)Nc2ccc(-c3ccc4ccccc4c3)cc2)C1,59.413417444923994
WWNXHNIMFVGQJD-UHFFFAOYSA-N,CN1CCN(c2ccc([C-]c3ccc(Oc4ccccc4)cc3)cc2)CC1,80.33987285175422
ZVAJRCAMHKHYDL-UHFFFAOYSA-N,NN1CCCC(C(=O)Nc2cccc(-c3ccccc3)c2)C1,83.51246740043479
OYNVQDRGJNGYLD-UHFFFAOYSA-N,[C-]C(C)C(=O)Nc1cccc(-c2csc3ccccc23)c1,86.539931803619
AGJLLDQGEADCMH-UHFFFAOYSA-N,CN1CCC(C(=O)Nc2ccc(-c3ccc4ccccc4c3)cn2)C1,75.22768379217374
FXBJAWGCIGOKTL-UHFFFAOYSA-N,CC(=O)Nc1ccc([P+]S(=O)(=O)NCc2ccc3c(c2)OCO3)cc1,101.76379389153463
CESDFKWUEWILAI-UHFFFAOYSA-N,CC(C)CC(=[S-])Nc1ccc(-c2cccnc2)cc1,71.23254486506559
DIWJMSXKWJZPSW-UHFFFAOYSA-N,COc1ccc(NC(=O)C2CC#[C+](C)CC2)cc1Br,65.04592983477438
YZRHBZJLUPKVPW-UHFFFAOYSA-N,CN1C[C+]C(C(=O)Nc2ccc(-c3ccncc3)cc2)CC1,69.49774459145391
ALOPEJXCZFEOBR-UHFFFAOYSA-M,C[S+]#Cc1cc(-c2ccccc2NC(=O)C2CCN(C)CC2)ccc1[S-],72.56229997583691
CHBISFDNZYOTQO-UHFFFAOYSA-N,C[P+]=C[P+]OC(=O)Nc1cccc(-c2csc3ccccc23)c1,77.7364506091537
FEQIJRYPVJXAGV-UHFFFAOYSA-N,O=C(Nc1ccc(-c2ccncc2)cc1)C1CC[S+]CC1,92.58366379156998
BOVPQQHRRNHECA-UHFFFAOYSA-N,CC(C=O)CNc1ccc(-c2csc3ccccc23)cc1,48.28688788000861
JGZLABSFLPLZKB-UHFFFAOYSA-N,CN1CCN(c2ccc(NC(=O)[C+]N3CCc4ccccc4C3)cc2)CC1,85.84701927397211
JKOVSGOJIIYDMA-UHFFFAOYSA-O,C[S+]=[P+](C)C(=O)Nc1ccc(-c2cccnc2)cc1,66.42225333898413
TUJOOPUALAFUIU-UHFFFAOYSA-N,CC(=O)Nc1ccc(S(=O)(=[O+])NCc2ccc3c(c2)OCO3)cc1,116.03951338984379
ZWUDDNYHCCYFFC-UHFFFAOYSA-N,C#CC=Cc1ccc(-c2ccc(NC(=O)C3CCN(C)CC3)cc2)cc1,92.06298403779637
ICNFNSFKKJCPCL-UHFFFAOYSA-N,CC(C)C(=O)Bc1cccc(-c2csc3ccccc23)c1,58.8841973951538
MJJBDOYGRQKCHH-UHFFFAOYSA-N,c1ccc(Oc2ccc(-c3ccc(N4CC[P+]CC4)cc3)cc2)cc1,85.94127350336632
VPVVPAMFFCJART-UHFFFAOYSA-N,CN1CCC(C(=O)Nc2cccc(C3=CC=CC3)c2)CC1,18.715218160871437
USJYRWQDMZGYOV-UHFFFAOYSA-N,C[C-]Oc1ccc(-c2ccc(NC(=O)C(C)C)cc2)cc1O,78.22720028589923
IALHCAVTZRTCGM-UHFFFAOYSA-M,CC([S-])C(=O)Nc1ccc(-c2csc3ccccc23)cc1,79.94219585873358
GSMBTNIVDBEVHI-UHFFFAOYSA-N,CN1CCN(c2ccc(NC(=O)C[N-]N3CCc4ccccc4C3)cc2)CC1,101.30473472476785
CZWKHBCKOXGFGX-UHFFFAOYSA-N,CSC(C)C(=O)Nc1ccc(-c2csc3ccccc23)cc1,100.63135608427704
CBVRJHHUIAHCCC-UHFFFAOYSA-N,C=C(Nc1cccc(-c2csc3ccccc23)c1)C(C)CO,62.702844692081534
ZHTZCDSEYGZGER-UHFFFAOYSA-N,CN1[B-]CN(c2ccc(NC(=P)CN3CCc4ccccc4C3)cc2)CC1,58.93293258813816
OQHCTJXBYZTIGR-UHFFFAOYSA-N,CC[N+]C(=O)Nc1ccc(-c2cccnc2)cc1,67.83291042712865
MHQRLBDCURCBGR-UHFFFAOYSA-O,Cc1ccc(NC(=O)C2C[B+]N(C)CC2)cc1,62.858663787828945
BQMKTOCOALSIDV-UHFFFAOYSA-N,NBC(=O)Nc1ccc(-c2csc3ccccc23)cc1,69.52280020833385
FIOALARVGJASQJ-UHFFFAOYSA-N,C=C(Nc1ccccc1-c1ccc2ccccc2c1)C1CCN(C)CC1,49.49199297661886
PEMDLLSFKHHDHR-UHFFFAOYSA-N,O=C1CCC(C(=O)Nc2ccc(-c3ccc4ccccc4c3)cc2)C1,81.82826521297038
XJDWDCPFHBDHGJ-UHFFFAOYSA-N,Cc1ccc(NC(=O)C2CN(C)C2)cc1,64.29117080732408
UASAACSQFREVDI-UHFFFAOYSA-O,[B+]=CCC(=O)Nc1ccc(-c2csc3ccccc23)cc1,81.11309407836688
WUNLFMKXPVPGRR-UHFFFAOYSA-N,Bc1c(NC(=O)C2CCN(C)CC2)ccc(OC)c1Br,53.15200509567557
XANUJVZWFUDOIB-UHFFFAOYSA-N,[B-]=C(Nc1cccc(-c2csc3ccccc23)c1)C(C)=O,75.41605651606288
AIEPEXQPJVVIFX-UHFFFAOYSA-N,CN1CCN(c2ccc(-c3ccc(-c4ccccc4)cc3)cc2)CC1,62.11459365606407
OJQDRZDDQVBQPQ-UHFFFAOYSA-N,[B-]C(C)C(=O)Nc1ccc(-c2cccnc2)cc1,77.56671034847732
FIFHAQDIKYQJLZ-UHFFFAOYSA-N,C#C[O+]Cc1ccc(-c2ccc(NC(=O)C3CCN(C)CC3)cc2)cc1,103.89849615191342
IALHCAVTZRTCGM-UHFFFAOYSA-N,CC(S)C(=O)Nc1ccc(-c2csc3ccccc23)cc1,61.748289243745575
DBXYZBKFZPDCAY-UHFFFAOYSA-N,CN1CCC(C(=O)N[C-]c2ccccc2-c2ccc3ccccc3c2)CC1,47.20866482363198
RSHJIUJMIFPOKG-UHFFFAOYSA-N,OCN1CCN(c2ccc(-c3csc4ccccc34)cc2)C[P+]1,44.54572600192325
RHGSSZIYMJJVPB-UHFFFAOYSA-N,C[P-]([P+])([P+])C(=O)Nc1cccc(-c2csc3ccccc23)c1,74.4251400718131
XZSRUNFDFLFWOC-UHFFFAOYSA-N,COc1ccc(Sc2ccc(N3CCN(C)CC3)cc2)cc1,82.87577749135072
NECZNTIHCNWGHY-UHFFFAOYSA-N,COc1ccc(-c2ccc(NC(=O)C(C)C[O+])cc2)cc1O,77.80761909562266
IGIRADKFDKRAAJ-UHFFFAOYSA-N,[B-]1CN(c2ccc(-c3ccc(Oc4ccccc4)cc3)cc2)C1,78.93213577242891
MOQBCGJGYWDQHN-UHFFFAOYSA-N,CC(F)OC(=[O+])Nc1ccc(-c2csc3ccccc23)cc1,58.7708326815719
KTJBCMMQUVRNKB-UHFFFAOYSA-N,CN1CCC(C(=O)Nc2ccc(-c3ccccccccc3)cc2)CC1,96.63372015491193
WHFQYXFAYMYSRA-UHFFFAOYSA-M,O=C(C[S-])Nc1ccc(-c2csc3ccccc23)cc1,79.95739161348534
RNJYTEJOLDQLJR-UHFFFAOYSA-N,[C-]CCC(=O)Nc1cccc(-c2csc3ccccc23)c1,96.22334510932949
LSRXKTVMJMEVSC-UHFFFAOYSA-N,Cc1cc(-c2ccccc2NC(=O)C2CCN(C)CC2)ccc1C[O+],78.77982671758389
FXRZOVYHMIFDOD-UHFFFAOYSA-N,[B-]c1cccc2scc(-c3ccc(NC(=O)C(C)C)cc3)c12,77.87290567474511
VPXGOQNHWVSCSE-UHFFFAOYSA-N,CC(=O)N([S+])[p+]1ccc(S(=O)(=O)NCc2ccc3c(c2)OCO3)cc1,120.06024110694226
FDSWGXSEUWYUIS-UHFFFAOYSA-N,[B-]CC([P-])C(=O)Nc1ccc(-c2cccnc2)cc1,76.13877044958649
WIDZATVPIYNLLO-UHFFFAOYSA-N,CN1CCN(c2ccc(NC(=O)CN3CC=CC=CC3)cc2)CC1,78.18264682268644
ZYBGSCVWMKXYML-UHFFFAOYSA-N,[B+](c1ccc(N2CCOCC2)cc1)[p+]1ccc(Oc2ccccc2)cc1,76.05042591712163
URAKKMRBQWBVSO-UHFFFAOYSA-N,CC(C)C(=O)Nc1ccc(N)c(-c2csc3ccccc23)c1,75.5927735000511
UHBMAAIHWKCPGF-UHFFFAOYSA-O,CC(=O)Nc1ccc(S(=O)(=O)[S+]=NCc2ccc3c(c2)OCO3)cc1,88.23037891678207
RKECIPPYQNRNCJ-UHFFFAOYSA-N,O=C([S+])Nc1ccc(S(=O)(=O)NCc2ccc3c(c2)OCO3)cc1,156.95506114728335
NLZWCFYGNMSNEM-UHFFFAOYSA-N,O=C(Nc1ccccc1-c1ccc2ccccc2c1)C1CN1,49.31995731559695
CCFJAGINVXZXDN-UHFFFAOYSA-O,CN1CCC(C(=O)Nc2ccccc2-c2ccc3cc[o+]cc3c2)CS1,33.6345321050822
BOCYLHCRHIOHMO-UHFFFAOYSA-N,CC(=O)Nc1ccc(S(=O)(=O)NCc2cc3cc(c2)OCO3)cc1,83.95857760295114
CNLIXUVOZNQYJM-UHFFFAOYSA-N,CN1CCC(C(=O)NC2=C(c3ccncc3)CC=C2[P-])CC1,16.313889902307572
BPXOITXLEIITFZ-UHFFFAOYSA-N,CN1CCN(c2ccc(NC(=O)CN3Cc4ccccc4C=[P+]3)cc2)CC1,87.54184509685749
FJYOXNMYIMQFFX-UHFFFAOYSA-O,CN1[B+]CC(C(=O)Nc2ccc(-c3ccncc3)cc2)C1,79.62175993575212
UAOOAYCFAJTDAE-UHFFFAOYSA-O,C=[C+]1C=[P+](C)C(c2ccc3ccccc3c2)=C1NC(=O)C1CCN(C)CC1,57.350264272038444
HCXTZDQHVMDBMT-UHFFFAOYSA-N,CC([N-])C(=O)Nc1cccc(-c2csc3c[c-]ccc23)c1,62.38030827462895
RDNJWMKMLLXPAH-UHFFFAOYSA-N,[C-]=NN1CCN(c2ccc(-c3ccc(Oc4ccccc4)cc3)cc2)CC1,96.03335680657392
SUEXIUYCQYBPNT-UHFFFAOYSA-N,CN1CCC[SH](C(=O)Nc2ccccc2-c2ccc3ccccc3c2)CC1,48.531945485921675
FIRDYKSMVVSBMH-UHFFFAOYSA-N,O=C(Br)Nc1ccc(-c2csc3ccccc23)cc1,62.23796874891995
HSXKPPKSSONIIN-UHFFFAOYSA-N,[N-]=CNc1ccc(NC(=O)CN2CCc3ccccc3C2)cc1,117.07018859663505
ZOMCDDJFVDVRIQ-UHFFFAOYSA-N,CN1CCN(c2ccc(N[P+]C(=O)CN3Cc4ccccc4C3)cc2)CC1,66.65775782463463
LRVLCWHZZYJOQW-UHFFFAOYSA-N,C[N+]=CC(=O)Nc1cccc(-c2csc3ccccc23)c1,85.9280125581253
IISKPXUCCOQJCC-UHFFFAOYSA-N,CC(C)C(=[P-])Nc1cccc(-c2csc3ccccc23)c1,75.83747657795834
YEKWOFHAIBFCTA-UHFFFAOYSA-N,CN1CCN(c2ccc(-c3csc4ccc([N+])cc34)cc2)CC1,45.728157507075146
OXBHXLISHDEIGM-UHFFFAOYSA-N,CCC(=[B-]=O)Nc1ccc(-c2csc3ccccc23)cc1,70.72000561073364
KXZMDUNDCQZRAP-UHFFFAOYSA-N,O=C(Nc1ccccc1-c1ccc2ccccc2c1)C1CCN1,48.523345994321815
IJQOCOOXHCVMJW-UHFFFAOYSA-N,CC1CCN(c2ccc(-c3ccc(Oc4ccccc4)cc3)cc2)C1,81.4814595950843
BZRSUNUQAYXKLZ-UHFFFAOYSA-N,CN1CCN(c2ccc(-c3bcc(Oc4ccccc4)cc3)cc2)C1,31.232733883958943
QHFFYHYNCVPQCV-UHFFFAOYSA-N,CN1CCN(c2ccc(NC(=O)C[N-]N3CCc4ccccc4C3)cc2)C1,55.83814360738024
ULAUZMKNFPJBRQ-UHFFFAOYSA-N,[C-]=CN1CCN(c2ccc(-c3ccc(Oc4ccccc4)cc3)cc2)CC1,90.91030499823796
VNMWMZWFSDLYPJ-UHFFFAOYSA-N,Cc1bcc(-c2ccc(NC(=O)C3CCN(C)CC3)cc2)cc1,80.91672836685692
VJUHQEVYSNTHCK-UHFFFAOYSA-N,CC1C(C(=O)Nc2cccc(-c3ccccc3)c2)CCN1F,49.30100668438373
UTEZXCZPHIILGU-UHFFFAOYSA-N,O=C(Nc1ccccc1-c1ccc2ccccc2c1)C1CN1S,46.0782193760311
DPXQGOOXGRYIDR-UHFFFAOYSA-N,CC(C)C(=O)Nc1cccc(-c2csc3c2[P-]#C3)c1,52.07113521016866
IDFYXDUWCMIPFM-UHFFFAOYSA-N,[C-]C(C)C(=O)Nc1ccc(-c2csc3ccccc23)cc1,80.93699914331964
SUASWYFCVWVBLS-UHFFFAOYSA-N,CCCC(=O)Nc1ccc(-c2csc3ccccc23)cc1,112.51911397645439
VHDIIBFZPKLCQD-UHFFFAOYSA-N,CC(CF)Nc1cccc(-c2csc3ccccc23)c1,60.21167799426374
BPNMMSIYSGRUGL-UHFFFAOYSA-N,CC=Cc1ccc(-c2ccc(NC(=O)C3CCN(C)CC3)cc2)cc1,91.78753612026696
ZDXNWGCYTHGWCM-UHFFFAOYSA-N,CN1CCC(C(=O)N[B-]c2ccccc2-c2ccc3ccccc3c2)CC1,47.901813446457666
PNXVVMUMFFYWFO-UHFFFAOYSA-N,CC(C)C(=O)Nc1ccc(-c2ccc(O)c(O)c2)cc1,78.2209918113435
SBMUMTAXONKNES-UHFFFAOYSA-N,CN1CCN(c2ccc(Cc3ccc(-c4ccccc4)cc3)cc2)CC1,106.66921775596397
BTMNCLZMUXGMMO-UHFFFAOYSA-N,CC1CCC(C(=O)Nc2ccc(-c3ccc4ccccc4c3)cc2)C1,81.2899862862255
PMEFBZVDSJWICT-UHFFFAOYSA-N,CC(C)PC(=[S-])Nc1ccc(-c2cccnc2)cc1,42.010156664678135
JZLASZRTGGGXFK-UHFFFAOYSA-O,[B+]=CC(C)C(=O)Nc1ccc(-c2csc3ccccc23)cc1,75.57579406457458
NGGDUVMJONEWMK-UHFFFAOYSA-N,C[C-][S-]C(C)C(=O)Nc1ccc(-c2csc3ccccc23)cc1,80.93699914331964
AOCUTRHRZMTDFG-UHFFFAOYSA-N,COc1ccc(NC(=O)C2CCN[P+]C2)cc1Br,71.10700811868462
HVFGALTTWKBAMB-UHFFFAOYSA-N,C[P+]([O-])=Nc1ccc(S(=O)(=O)NCc2ccc3c(c2)OCO3)cc1,131.94490695841438
ZRZABDFJHGMHAT-UHFFFAOYSA-N,CN1CCN(c2ccc(NC(=O)C[C-]N3CCc4ccccc4C3)cc2)CC1,101.54143112303217
HIISYAZADAFFGW-UHFFFAOYSA-N,C[SH]1CCC(C(=O)Nc2ccc(-c3ccncc3)cc2)CC1,78.05254166909388
SNOSHUJQEDJPIK-UHFFFAOYSA-N,O=C(Nc1cccc(-c2ccccc2)c1)C1CCN(F)C(P)C1,32.55628892067525
NBNZDRMQYFRVRJ-UHFFFAOYSA-N,CN1CCN(c2ccc(NC(=[P-])OCN3CCc4ccccc4C3)cc2)CC1,92.8840710451214
MDYKTEQQZSSKJC-UHFFFAOYSA-N,CP=C(Br)Nc1ccc(-c2csc3ccccc23)cc1,41.43382837965904
SNCVOYNKNVQIFT-UHFFFAOYSA-N,c1ccc(Oc2ccc(-c3cc[b-](N4CCOCC4)cc3)cc2)cc1,79.23420411467352
UTIKKCMJGUGJCH-UHFFFAOYSA-N,CC(=O)Nc1ccc(S(=O)NCc2ccc3c(c2)OCO3)cc1,55.17013827880565
IBBJLEMUGUFTMW-UHFFFAOYSA-N,CC(=O)[S-]c1ccc(S(=O)(=O)NCc2ccc3c(c2)OCO3)cc1,129.7158956175502
IAYRJMWMYFXKHG-UHFFFAOYSA-N,CN1CCC(C(=O)Nc2cccc(C3=CCC=[N+]3)c2)CC1,68.34110103455131
BVAUGQNLDHMGNZ-UHFFFAOYSA-N,C[PH]1=CCN(c2ccc(-c3csc4ccccc34)cc2)C1,43.31520258973786
YTXMRQNSGPEDPU-UHFFFAOYSA-N,BC1=C(c2ccccc2NC(=O)C2CCN(C)CC2)c2ccccc21,50.515515571859964
IVJLMPWDVBGPQF-UHFFFAOYSA-N,CN1CCN(C2=[PH]=C=C(NC(=O)CN3CCc4ccccc4C3)C=C2)C1,26.68100151506206
MYKGDETWWAJMNS-UHFFFAOYSA-N,CN1CCC(C(=O)Nc2ccc(-c3ccc(C=O)cc3)cc2)CC1,99.66554540944064
SIAWRYPCGVACDE-UHFFFAOYSA-N,CN1[B-]CN(c2ccc(NC(=O)CN3CCc4ccccc4C3)cc2)CC1,133.8905996474384
IWUASKWYCKAHCV-UHFFFAOYSA-N,CN1CCC(C(=O)NC2=CC=C(c3ccc4ccccc4c3)[S-]C2)CC1,36.95889948342261
QZOMCXHUFUSPON-UHFFFAOYSA-N,COc1ccc(-c2ccc(NC(=O)[P-]C(C)O)cc2)cc1O,53.48149366880052
ZXAPEEZENJYSFN-UHFFFAOYSA-N,COc1ccc(-c2ccc(NC(=O)[C+]C(C)C)cc2)cc1O,56.075303760332446
XXTWINAQQZBTBU-UHFFFAOYSA-N,CC(C)C(=O)Nc1cccc(-c2csc3c(O)cccc23)c1,68.47490662823888
SHIGVCWGEDUWFO-UHFFFAOYSA-N,CN1CCN(c2ccc(-c3csc4ccccc34)cc2)C[P+]1,48.27930158100025
QZMCZFWCARPPPQ-UHFFFAOYSA-M,CN1CCC(C(=O)Nc2cccc(-c3ccccc3)c2[O-])CC1,61.29603763952819
UUIMROUWNKDTKU-UHFFFAOYSA-N,C=C=Cc1ccc(-c2ccc(NC(=O)C3CCN(C)CC3)cc2)cc1,67.64346945927963
GKCRKBJCUJWFPY-UHFFFAOYSA-N,COc1ccc(-c2ccc(NC(=O)C(C)C)cn2)cc1O,70.9519857628311
ZXFMNZCPDNBGRQ-UHFFFAOYSA-N,CN1CC(S)CC1C(=O)Nc1ccccc1-c1ccc2ccccc2c1,42.3099692272058
QOLHTMMZRFYZFP-UHFFFAOYSA-O,[C+]=[O+]Cc1ccc(-c2ccccc2NC(=O)C2CCN(C)CC2)cc1C,79.87844189078555
WPWGMSLLYPOOMJ-UHFFFAOYSA-N,COc1ccc(NC(=O)C2C[C-]N(C)NC2)cc1Br,62.89119170042179
VFVZUBGESBMFJB-UHFFFAOYSA-N,NCC(=O)Nc1ccc(-c2csc3ccccc23)cc1,64.3673148777495
UJFVPVLAMQPTLP-UHFFFAOYSA-N,CN1CCN(c2bcc(-c3ccc(Oc4ccccc4)cc3)cc2)CC1,75.88644402672323
DYOCNBKBJHARPN-UHFFFAOYSA-N,CN1CCCCC(C(=O)Nc2ccc(-c3ccc4ccccc4c3)cc2)[S-]1,72.20062182308257
UKMGNUDXYANINY-UHFFFAOYSA-N,[B+][SH](=O)(NCc1ccc2c(c1)OCO2)c1ccc(NC(C)=O)cc1,59.08120448944662
MPQUBBRRNGFFLH-UHFFFAOYSA-N,CCc1ccc(NC(=O)C2CCN(C)CC2)cc1,97.60404436175433
RSBMKZUYNXZRBV-UHFFFAOYSA-N,CC(C)C(=O)Nc1ccc(-c2ccc(OBr)c(O)c2)cc1,60.71645835033472
HZGDSGUDOLWEJP-UHFFFAOYSA-N,CC1CC1C(=O)Nc1ccc(-c2ccc3ccccc3c2)cc1,81.23116777916978
CSZWXLUTMZSARC-UHFFFAOYSA-N,[B+]1CCN(c2ccc(-c3ccc(Oc4ccccc4)cc3)cc2)CC1,85.94127350336632
WHDBUZHSIKIDLE-UHFFFAOYSA-N,c1ccc(Oc2ccc(-c3ccc(N4CCC4)cc3)cc2)cc1,95.75320337952368
XEPFIPLSUNYQBQ-UHFFFAOYSA-N,C[P-]C(C)C(=O)Nc1ccc(-c2cccnc2)cc1,76.30461048267138
SLEJXODZGKZKBZ-UHFFFAOYSA-N,C[P-][P+]c1ccc(S(=O)(=O)NCc2ccc3c(c2)OCO3)cc1,124.01222430700233
QYKPJNPJXOBRBF-UHFFFAOYSA-N,CC(C)C(=O)[C+]Nc1cccc(-c2csc3ccccc23)c1,70.107723352909
GPQUGTJSQKZBRK-UHFFFAOYSA-N,CN1CCN(c2ccc(NC(=O)CN3Cc4ccccc4CC3=[N+])cc2)CC1,99.932456798024
LUCZUEHIFUABHW-UHFFFAOYSA-N,O=C(Nc1ccc(-c2ccncc2)cc1)C1CCNCC1,72.35468156284007
VVYNDQCHSHZNAK-UHFFFAOYSA-N,CN1CCN(c2ccc(C3=[N+]C=C(Oc4ccccc4)C=C3)cc2)CC1,39.614251329303016
SNXHHYIWOSDRTH-UHFFFAOYSA-N,CN1CCN(c2ccc(NC(=O)CN3CC4=CC4C3)cc2)CC1,73.65345974519799
XYXFGXOWNSPCKA-UHFFFAOYSA-N,CN1CCN(c2ccc(-c3ccc([C+]c4ccccc4)cc3)cc2)CC1,48.99172206208897
HUTBFENALQEEFU-UHFFFAOYSA-N,C[PH]1=CCN(c2ccc(-c3csc4ccccc34)cc2)CC1,43.297593617053465
BSXIHUVOMUKWIO-UHFFFAOYSA-N,O=C(CN1CCc2ccccc2C1)Nc1ccc(N2CCCC[B-][S+]2)cc1,123.47114258255675
XNEHIGZAXMQHLK-UHFFFAOYSA-N,COc1ccc(NC(=O)C2CC[P-]2)cc1Br,68.984348436256
QIBPPJHVTYEXCE-UHFFFAOYSA-P,C[S+]1C[S+](N)N1c1ccc(NC(=O)CN2CCc3ccccc3C2)cc1,119.57110093245925
XYGJYJFHXORVPW-UHFFFAOYSA-N,CCc1ccc(NC(=O)C2CCN(C)C2)cc1Br,66.02768681685654
LXMZAFWCXCUOAP-UHFFFAOYSA-N,CC(C)C(=O)Nc1ccc(-c2cccnc2)cc1[P+],64.79641248782208
KRAJIEONZSAYPZ-UHFFFAOYSA-N,BC(Nc1cccc(-c2csc3ccccc23)c1)C(=O)[P+],70.12560847516357
LMNHPUKEJNWZPQ-UHFFFAOYSA-N,CN1CCC(C(=O)Nc2cccc(C3=CCN[P-]C3)c2)CC1,58.3019127825553
BLUWZAKWYZJBBU-UHFFFAOYSA-N,C=C1C=CC(S(=O)(=O)NCc2ccc3c(c2)OCO3)=C1NC(C)=O,51.99847863450052
ZHEYXKFNWKYUEZ-UHFFFAOYSA-N,[B-]Oc1ccc(-c2ccc(N3CCN(C)CC3)cc2)cc1,52.84909162263678
NDRKLUJTHODUAC-UHFFFAOYSA-N,CC(=O)c1ccc(S(=O)(=O)NCc2ccc3c(c2)OCO3)cc1,160.89608648360445
NZUNXZMDDMJZBL-UHFFFAOYSA-N,COC(=N)c1ccc(S(=O)(=O)NCc2ccc3c(c2)OCO3)cc1,127.95822772410152
WNDLLEKEJQPKEA-UHFFFAOYSA-N,CN(CF)c1ccc(S(=O)(=O)NCc2ccc3c(c2)OCO3)cc1,125.58489656702248
LNYDXWYRDXPXCR-UHFFFAOYSA-N,O=C(Nc1cccc(-c2ccccc2)c1)C1CCCC1,110.84780814974985
RAHFOLXSDNFBKT-UHFFFAOYSA-O,CN1CCC(C(=O)Nc2cccc(-c3cccc[s+]3)c2)CC1,80.87280188850602
KDXQWGANGMVQHZ-UHFFFAOYSA-N,COc1ccc(-c2ccc(NC(=O)B(C)C)cc2)cc1O,53.538846262690726
ZHXWOAOTYKIFND-UHFFFAOYSA-N,[C+]NCC(C)Nc1ccc(NC(=O)CN2CCc3ccccc3C2)cc1,144.48411974934183
JIFWXWJBZWNRTH-UHFFFAOYSA-N,CC(=O)Nc1ccc([SH](O)NCc2ccc3c(c2)OCO3)cc1,46.776915158053846
CVXSRVPGAOCGOY-UHFFFAOYSA-N,O=[S+]SNc1ccc(S(=O)(=O)NCc2ccc3c(c2)OCO3)cc1,135.10800022631238
LQTHEPPPWOCWIY-UHFFFAOYSA-N,CN1CCC(C(=O)Nc2ccccc2-c2ccc3c(S)cccc3c2)C1,28.534705840650304
WBCOKTZRHXXHHH-UHFFFAOYSA-N,CN1CCN(c2ccc(-c3ccc(OCC=[N-])cc3)cc2)CC1,68.47542069749929
VRFLHVQXNKLAAX-UHFFFAOYSA-N,CN1CCC(C(=O)Nc2ccc(-c3ccc4ccccc4c3)cc2)SC1,63.32295754395655
ARQGWCOEBBMTLM-UHFFFAOYSA-N,CN1CCN(c2ccc(-c3ccc(Oc4ccccc4)cc3)cc2)CO1,53.24314553675553
LBKGQBUTFJPEGA-UHFFFAOYSA-N,BrNc1cccc(-c2csc3ccccc23)c1,46.172101953542665
CNMGWIBEPJTALW-UHFFFAOYSA-N,[B+]C(=O)Nc1ccc(S(=O)(=O)NCc2ccc3c(c2)OCO3)cc1,156.95506114728335
XKLRCRUGGPLCOJ-UHFFFAOYSA-N,CC(C)ONc1cccc(-c2csc3ccccc23)c1,49.550120171391
CJKZJIKHGAWQJO-UHFFFAOYSA-O,CC(C)C(=O)Nc1ccc(-c2csc3ccccc23)c[o+]1,66.95261671726497
KFYKBMCQYXEKSW-UHFFFAOYSA-N,Cc1ccc(NC(=O)C2CCN(C)[O+]C2)cc1,62.31967017174007
UERPKMZZYPAYAW-UHFFFAOYSA-N,CC1=PC=[S-]C2=C1CCN(CC(=O)Nc1ccc(N3CCN(C)CC3)cc1)C2,79.81934037367719
ADRMKQGEPSTCSI-UHFFFAOYSA-N,C[P+][S-]CC(=O)Nc1cccc(-c2csc3ccccc23)c1,86.70636401948967
FHRIVJMQOLZEBL-UHFFFAOYSA-N,O=C(Nc1cccc(-c2ccccc2)c1)C1CCN([S+])CC1,101.54720819548947
AACQOCXELNAUQI-UHFFFAOYSA-N,CN1CCC(C(=O)Nc2ccc([P+]c3ccc4ccccc4c3)cc2)CC1,86.97883392123369
DEPUCUNIOAIELT-UHFFFAOYSA-N,CN1CCC(C(=O)[B-]Nc2ccccc2-c2ccc3ccccc3c2)CC1,56.412995554371854
IJKDTNDZKFAFFA-UHFFFAOYSA-N,[B-]N1CCC(C(=O)Nc2ccc(OC)c(Br)c2)CO1,73.98005909295995
ZLZMKAWXTGEWAC-UHFFFAOYSA-N,CC(=O)Nc1ccc(S(=O)(=O)NCc2ccc3c(c2)OBO3)cc1,140.63906629422786
OWOSJXJAOMAWDS-UHFFFAOYSA-N,BC1CN(C)CCC1C(=O)Nc1ccc(-c2ccncc2)cc1,74.21069877785368
HMGKTSXBTUOBTI-UHFFFAOYSA-N,CN1CCC(C(O)Nc2ccccc2-c2ccc3ccccc3c2)CC1,37.12396175468843
NXLXQTONQIVTDZ-UHFFFAOYSA-O,[B+]=Cc1cccc(-c2ccccc2NC(=O)C2CCN(C)CC2)c1,76.57491201287361
BJNWCWIQHMVECE-UHFFFAOYSA-N,[N+]=C1C=CC(c2ccc(N3CCOCC3)cc2)=C1Oc1ccccc1,36.95003673512233
SPYUKFMGLFWRDT-UHFFFAOYSA-N,COc1ccc(NC(=O)C2CNN(C)C2)cc1Br,52.003744383521145
WJTFCXZHIJQSFO-UHFFFAOYSA-O,C[S+]1CCC(C(=O)Nc2ccc(-c3ccncc3)cc2)CC1,97.08937413758848
SABKNXQIBXVNED-UHFFFAOYSA-N,Cc1ccc(NC(=O)C2CCCCCC2)cc1,106.36194541080498
VSCNNFWCJUHWHN-UHFFFAOYSA-N,O=C(Nc1cccc(-c2ccccc2)c1)C1CCCNCC1,59.847953803879165
CFPFMKUUWLQLFN-UHFFFAOYSA-N,CN1CCN(c2ccc(NC(=O)N3CCc4ccccc4C3)cc2)CC1,149.50252585729734
JRRIDPNEXZJVSB-UHFFFAOYSA-N,CC(C)C(=O)Nc1ccc([O+]c2cccnc2)cc1,70.27049076589206
XOXQGUSTCBYTSM-UHFFFAOYSA-N,CC(=O)C(=O)Nc1ccc(-c2cccnc2)cc1,75.40875147779686
GJJRXQICPGEAJW-UHFFFAOYSA-O,CN1CCC(C(=O)NC2=C[C+]=CC=C2c2ccc3ccccc3c2)CC1,31.74442631149689
KVBJVYSNFMBKKI-UHFFFAOYSA-N,CN1CCN(c2ccc(NC(=O)CN3CCC4=CC=[S+]=C=C4C3)cc2)CC1,81.19310125485607
RILNAGGUPFARDN-UHFFFAOYSA-N,CN1CCC(C(=O)Nc2ccccc2-c2ccc3c(c2)[P-]=CC=C3)CC1,45.51640103371448
OEPKRHFSWLACMN-UHFFFAOYSA-N,CC(C)C(=O)Bc1ccc(-c2csc3ccccc23)cc1,57.005298678903216
SMESXKSHZIJNOR-UHFFFAOYSA-N,CC(C=[O+])C(=O)Nc1ccc(-c2cccnc2)cc1,71.10689009653058
DGGAWFYPTXHVFF-UHFFFAOYSA-N,CC(C)C(=O)Oc1cccc(-c2csc3ccccc23)c1,89.78945313454464
JZEYCHQANIFHBD-UHFFFAOYSA-M,CN1CCC(C(=O)[N-]c2ccc(-c3ccncc3)cc2)CC1,56.00637658229629
WBVWBGMESGXOBT-UHFFFAOYSA-N,CN1CCC(C(=O)Nc2cccc(-c3ccccc3)c2)CC1P,45.68593052690837
YTTNCZLJAQATJH-UHFFFAOYSA-N,CN1CC[C+]C(C(=O)Nc2cccc(-c3ccccc3)c2)C1,68.6391340241358
WNDSPOGXUDYJSR-UHFFFAOYSA-N,CN1CCC(C(=O)Nc2cccc(-c3ccccc3)c2)C1,87.94569863301543
AMBMPLFCCWTMDA-UHFFFAOYSA-N,B=S(=[O+])(NCc1ccc2c(c1)OCO2)c1ccc(NC(C)=O)cc1,112.80099303324165
HPIWDFGHCCUTEI-UHFFFAOYSA-N,C=C(I)C(=O)Nc1ccc(-c2csc3ccccc23)cc1,71.07951522054086
BYNITQGWXAIMHT-UHFFFAOYSA-N,O=C(Nc1ccc(-c2ccc3ccccc3c2)cc1)C1CCN(O)CC1,88.38347807689709
UFIIVMLKBIZQPZ-UHFFFAOYSA-N,C=C(Nc1ccc(-c2ccc3ccccc3c2)cc1)C1CCN(C)CC1,52.73572370133573
SOGNEVAIIXPLOO-UHFFFAOYSA-N,O=C(Nc1ccc(-c2ccncc2)cc1)C1CCN(C#[P+])[P+]C1,80.43162892402337
JZSYEDNITGGRGC-UHFFFAOYSA-N,CNOc1ccc(S(=O)(=O)NCc2ccc3c(c2)OCO3)cc1,109.99149800790639
ANFAIURKWVZQRS-UHFFFAOYSA-N,C#[S+]C(=O)Nc1ccc(-c2cccnc2)cc1,66.03785532851856
HMYIVJMFKFKGQD-UHFFFAOYSA-N,CNC(C)C(=O)Nc1ccc(-c2ccc(OC)c(O)c2)cc1,71.29381732251976
WJJKURRGMBQYDI-UHFFFAOYSA-N,COc1ccc(NC(=O)C2CC=NC2)cc1Br,48.74795212626271
NUALCSSSKQPZNB-UHFFFAOYSA-N,CC(F)C(=O)Nc1ccc(-c2csc3ccccc23)cc1,72.43880499331551
BYWKXBLHDDUGNV-UHFFFAOYSA-N,CN1CCN(Nc2ccc(-c3csc4ccccc34)cc2)CC1,55.74538237773454
SWYKDOLYRGMQMA-UHFFFAOYSA-N,[B-]c1cc(-c2ccc(OC)c(O)c2)ccc1NC(=O)C(C)C,57.09425659050419
RJCOEPMRZKDYNH-UHFFFAOYSA-N,[C-]#COc1ccc(-c2ccc(N3CCOCC3)cc2)cc1,54.10004598923603
RUFJGJCYZFDVGC-UHFFFAOYSA-N,CC(=O)N=[O+]c1ccc(S(=O)(=O)NCc2ccc3c(c2)OCO3)cc1,129.31965221820957
DTAYMAZEFOAUAW-UHFFFAOYSA-N,CC([N-])[P+]c1ccc(S(=O)(=O)NCc2ccc3c(c2)OCO3)cc1,126.09269038127906
FVQDFJWUKZYGJI-UHFFFAOYSA-N,CC(BBr)C(=O)Nc1ccc(-c2cccnc2)cc1,76.09226045255316
ZKMKOPVCSXGRPH-UHFFFAOYSA-N,CC(=O)Nc1ccc([SH](Cl)NCc2ccc3c(c2)OCO3)cc1,59.25616325428485
KNGGDOVXKOKKSZ-UHFFFAOYSA-N,CN1CCC(C(=O)NC2=C(c3ccccc3)CC2)CC1,27.618626811967864
VEAOQVINCCJTRI-UHFFFAOYSA-N,CC(C)C(O)Nc1cccc(-c2csc3ccccc23)c1,55.79369839343158
SFEQUGPFNQHSNL-UHFFFAOYSA-N,CN1CCC(C(=O)Nc2cccc([N+]c3ccccc3)c2)CC1,72.78445209314441
SWXLHNZRWFHCLI-UHFFFAOYSA-N,CN1CCN(c2ccc(-c3ccc(Oc4ccccc4)cc3)cc2)C1,62.781716768959356
OYIUQRQDHNPMSP-UHFFFAOYSA-O,CC(C)C(=O)Nc1cc[p+](-c2csc3ccccc23)cc1,70.25674940226939
HJCQLJDJUPFXRT-UHFFFAOYSA-N,CN1CCP(#CC(=O)Nc2ccccc2-c2ccc3ccccc3c2)CC1,44.267797860230566
QZXXMNRFQYPWSU-UHFFFAOYSA-N,CSc1ccc(-c2ccc(NC(=O)C(C)C)cc2)cc1O,72.72327162107257
KIHYCDXQGBOQBZ-UHFFFAOYSA-N,CN1CCN(c2ccc(NC(=O)CN3CCc4ccccc4C3)cc2)CS1,105.34405943572897
JUGWGQNVOABDHL-UHFFFAOYSA-N,O=S(=O)(NCc1ccc2c(c1)OCO2)c1ccc(C[P-])cc1,129.9253204558472
MMIDQZICBSNTFU-UHFFFAOYSA-N,C1=CC(c2ccc(N3CCOCC3)cc2)=[N+]=[N+]=C1Oc1ccccc1,61.61849878264699
MSZPNCMDNOVVLB-UHFFFAOYSA-O,CC1=C(c2cccc(NC(=O)C3CCN(C)CC3)c2)C=[C+][B+]1,63.82926256835378
FRATUADJNRAELG-UHFFFAOYSA-N,CN1CCC(C(=O)Nc2cbccc2-c2ccc3ccccc3c2)C1,54.764993151564305
HHWLXJIAIHOPLW-UHFFFAOYSA-N,O=C(Nc1ccccc1-c1ccc2ccccc2c1)C1CCNCC1,58.332647221742846
IQWYAAUKDGDREJ-UHFFFAOYSA-N,Cc1ccccc1NC(=O)C1CCN(C)CC1,80.92610405822079
JBTAJWXPHUSAMK-UHFFFAOYSA-N,c1ccc(Oc2ccc(-c3ccc(N4CCNCC4)cc3)cc2)cc1,70.09219756705824
POKOQOLKMPVKQT-UHFFFAOYSA-N,Cc1ccc(NC(=O)C2CCN(C)C(P)C2)cc1,27.32506890384025
MJOVYJJALQPKOR-UHFFFAOYSA-N,CN1CCN(c2ccc(-c3ccc(NOc4ccccc4)cc3)cc2)CC1,45.888106939583395
ZIZJJUOZJLJOKI-UHFFFAOYSA-N,CB1CCN(c2ccc(-c3csc4ccccc34)cc2)CN1,39.64656354144066
HTSNZVWJPBWDOT-UHFFFAOYSA-N,COc1ccc(NC(=O)C2CCN(C)C2)cc1Br,83.63331979859746
AMXGBVIVDPJRPJ-UHFFFAOYSA-N,[C+][SH]1CCC(C(=O)Nc2ccc(-c3ccncc3)cc2)CC1,81.78441445878323
BPKDGPVDLNTYJO-UHFFFAOYSA-N,[B+][SH](NCc1ccc2c(c1)OCO2)c1ccc(NC(C)=O)cc1,60.407643846569506
AJYFQUVSXXGCDL-UHFFFAOYSA-N,C[N+]=CCC(=O)Nc1cccc(-c2csc3ccccc23)c1,85.35652438738653
HUEKFZWARCMEDI-UHFFFAOYSA-N,CC(C[C-]=O)C(=O)Nc1ccc(-c2csc3ccccc23)cc1,92.5003014676546
KSLFTHIEYQARFJ-UHFFFAOYSA-O,C[S+]1CCC([P+])N(c2ccc(NC(=O)CN3CCc4ccccc4C3)cc2)C1,117.44345429815654
CLOFFITYXAIQMS-UHFFFAOYSA-N,COc1ccc(NC(=O)C2C[B-][P-]N(C)C2)cc1Br,74.64517501620269
XTYIISOLHPLJRR-UHFFFAOYSA-O,CN1CCC(C(=O)Nc2cccc(C3=[C+]=CC=C[B+]3)c2)CC1,72.35731086568059
OCJPEQDGFZEJDV-UHFFFAOYSA-M,CC[N-]C(=O)Nc1ccc(-c2cccnc2)cc1,68.50676687029657
CAKLGRXELZTXPH-UHFFFAOYSA-N,Cc1ccc(NC(=O)C2CCCCC2)cc1,99.62773961474096
GQIZIXKNPPQREK-UHFFFAOYSA-N,CN1CCC(C(=O)Nc2cccnc2-c2ccc3ccccc3c2)CC1,86.92715602881341
VJEVYQZPZSTRRK-UHFFFAOYSA-N,CC(C)[P+](=O)Nc1cccc(-c2csc3ccccc23)c1,64.11672376669061
PXXHUQQUAHREQI-UHFFFAOYSA-M,COc1ccc(-c2ccc(NC(=O)C(C)[S-])cc2)cc1O,65.24951348670169
IGLWOHURRHUDJQ-UHFFFAOYSA-N,C=C([C-]Nc1ccc(-c2ccc3ccccc3c2)cc1)C1CCN(C)CC1,47.27055198632493
YYKBFMWJNCHRHD-UHFFFAOYSA-N,CN1CC[P-](C(=O)Nc2ccc(-c3ccc4ccccc4c3)cc2)CC1,64.10999833601258
IQCASESONKSQBV-UHFFFAOYSA-O,C[N+]=[N+]=CC(=O)Nc1cccc(-c2csc3ccccc23)c1,85.9280125581253
OENCXLOUOIDYSO-UHFFFAOYSA-N,Cc1pccc2c1CCN(CC(=O)Nc1ccc(N3CCN(C)CC3)cc1)C2,76.50598675150988
QPQITJUGZUOKMH-UHFFFAOYSA-N,CN1CCC([N+](=O)Nc2ccccc2-c2ccc3ccccc3c2)CC1,44.396107689155734
KAWDIGYEDQDHRA-UHFFFAOYSA-N,CC(C)C(=O)Nc1ccc(-c2cccnc2)cc1N,69.5573480406597
KJWPAUVQEDNEAA-UHFFFAOYSA-O,C[C+]1CCC(C(=O)Nc2ccccc2-c2ccc3ccccc3c2)CC1,79.66613087668229
SQHWQRXUGRHNMB-UHFFFAOYSA-N,CC(=O)Nc1ccc([SH](=O)([P-])NCc2ccc3c(c2)OCO3)cc1,57.93415913383922
ADIXYCRCDITYTQ-UHFFFAOYSA-N,COc1ccc(-c2ccc(N3CCCC3)cc2)cc1,75.56710373048375
CIMUPGHHXYTGKP-UHFFFAOYSA-N,B[C-]c1ccc(NC(=O)C2CCN(C)CC2)cc1Br,66.67950849524098
KJOLBXLPMPPTLV-UHFFFAOYSA-N,CN1C=[N+]C(C(=O)Nc2ccc(-c3ccncc3)cc2)CC1,61.994806025650426
ATTGZSJNKGIPHI-UHFFFAOYSA-N,Bc1cc(S(=O)(=O)NCc2ccc3c(c2)OCO3)ccc1NC(C)=O,135.1397673514928
KWCGCFMGMXBXPR-UHFFFAOYSA-N,CN1CCC(C(=O)Nc2ccc(-c3ccncc3O)c(O)c2)CC1,52.15182144684854
IFKNPOQEJUZGSR-UHFFFAOYSA-N,CN1CCC(C(=O)Nc2cccc(C3C=C[S-]=C3)c2)CC1,53.210240039652106
VOCQGSBFQQFKAL-UHFFFAOYSA-N,CN1CCC(C(=O)NC2=C[SH]=C(c3ccc4ccccc4c3)C=[P+]2)CC1,55.85506729080157
UDTFWTSIHSQGKN-UHFFFAOYSA-N,CN1CCC(C(=O)Nc2ccccc2-c2ccc3ccccc3c2)NC1,36.04416812797754
OBTYXSNOBLMGJE-UHFFFAOYSA-N,CC(C)CNc1ccc(-c2csc3ccccc23)cc1,76.7637790615263
IMSLMZITFMAGFX-UHFFFAOYSA-N,CN1CCC(C(=O)[S+]c2ccc(-c3ccncc3)cc2)CC1,47.31768483006438
UGNBXSCSEJVTCW-UHFFFAOYSA-O,COc1ccc(NC(=O)C2CC[S+](C)NC2)cc1Br,75.98505986145007
QWIALIKJUQYFKJ-UHFFFAOYSA-N,CC(=O)Nc1ccc(S(=O)(=O)NCc2ccc3cc2OCON3)cc1,52.400400390700206
KIVSBDHMUAQYHR-UHFFFAOYSA-N,CC(C)C(=O)Nc1cccc(-c2csc3c2CC3)c1,63.626355144522776
OYQYUGHBAYTFSD-UHFFFAOYSA-N,[B-]COc1ccc(NC(=O)C2CCN(C)CC2)cc1Br,91.90798351067059
JCPGSWWUEWOWBC-UHFFFAOYSA-N,CC(C)[P-]C(=O)Nc1ccc(-c2csc3ccccc23)cc1,70.5372545852387
XVRGDYSJFSIGLY-UHFFFAOYSA-N,CN1CCC(C(=[S-])Nc2ccc(-c3ccncc3)cc2)CC1,65.91907522545075
MOLDAIHJWMSJMM-UHFFFAOYSA-O,C[N+]=C=[O+]C(=O)Nc1cccc(-c2csc3ccccc23)c1,78.2363046086681
NRABVJUSXWDGIA-UHFFFAOYSA-N,CC(Br)Nc1ccc(-c2csc3ccccc23)cc1,56.56797682852076
AKKBNRKUELSQOU-UHFFFAOYSA-N,C[C-]c1ccc(NC(=O)C2CCN(C)CC2)cc1Br,66.67950849524098
WGPMWIGQLJLUHT-UHFFFAOYSA-O,CN1CCC(C(=O)Nc2cccc(C3=C[S+]=C=[S+]3)c2)CC1,67.34873267131111
XICYICKKQADOBY-UHFFFAOYSA-N,CN1CCN(c2ccc(NC(=O)CN3Cc4ccccc4[N+]=[P+]3)cc2)CC1,97.33256107929205
MMKNANCWLCCRMV-UHFFFAOYSA-N,CC(C)C(=O)Nc1ccc2c(-c3ccccc3)csc2c1,81.07960089762678
AQCMJWRHDAIIQV-UHFFFAOYSA-N,C[P-](C)C(=O)Nc1ccc(-c2cccnc2)cc1,65.55438846270603
XHSBTVSIBBYSQE-UHFFFAOYSA-N,C[P+]CSc1cccc(-c2ccccc2NC(=O)C2CCN(C)CC2)c1,86.55920836276238
ZCYRPQHURMBJRW-UHFFFAOYSA-N,CN1CCN(c2ccc(-c3cnccc3Oc3ccccc3)cc2)CC1,60.367132355579386
OCFDBSMPJZTFHZ-UHFFFAOYSA-N,O=C(C[S-][S+])Nc1ccc(-c2csc3ccccc23)cc1,82.83495066447209
LTAQKVZCAWAINK-UHFFFAOYSA-N,CC([O-])C(=O)Nc1ccc(-c2cccnc2)cc1,71.63343224497551
MDGBIWBDMSSAOJ-UHFFFAOYSA-N,C=C1C=NC(c2ccc(NC(=O)C3CCN(C)CC3)cc2)=C1I,36.071235280310525
TZNMDTZBPRMFAV-UHFFFAOYSA-N,CCCC(=O)Nc1ccc(-c2cccnc2)cc1,108.5202309454566
UQNYEKKGDKBOAH-UHFFFAOYSA-N,CC(C)C(=O)Nc1cccc(-c2csc3c2[SH]=C3)c1,56.64942878668554
CBJCAFCAPFJRJY-UHFFFAOYSA-N,CC([N+])C(=O)Nc1ccc(-c2cccnc2)cc1,77.56671034847732
RMCIKSHWZICKNB-UHFFFAOYSA-N,[C+]C(C)Nc1ccc(-c2csc3ccccc23)cc1,63.43801443207615
LJVLSTDPURHNES-UHFFFAOYSA-N,CN1CCN(C2=C=C(NC(=O)CN3CCc4ccccc4C3)C=C2)CC1,-2.7271333069402064
GFOYWSNFRKJIKJ-UHFFFAOYSA-N,O=C(Nc1ccccc1-c1ccc2ccccc2c1)C1CCC=NCC1,48.17937622503634
VOHRVCJIQDBBCR-UHFFFAOYSA-N,BCC=Cc1ccc(-c2ccc(NC(=O)C3CCN(C)CC3)cc2)cc1,107.10376354349603
HRSDPHCHDFXVEC-UHFFFAOYSA-N,COc1ccc(-c2ccc(N3CC#CC3)cc2)cc1,20.25534830369416
LQUNLVIXPGPHEF-UHFFFAOYSA-N,CN1CCC(C(=O)Nc2ccc(-c3ccccccc4cc3-4)cc2)CC1,52.76363385171756
NWJKQILTXJZIET-UHFFFAOYSA-N,[B+]=C(Nc1ccc(-c2csc3ccccc23)cc1)C(B)C,69.10393906439957
BMRNQHGHPPWNRI-UHFFFAOYSA-O,CC(=O)Nc1ccc(S(=O)(=[O+])NCc2ccc3c(c2)OCO3)c[p+]1C,89.37605352256485
CDEQUKGZIJXPGA-UHFFFAOYSA-N,CC(=[P+])C(=O)Nc1cccc(-c2csc3ccccc23)c1,83.5841224613873
YUOCHRNPITVNLV-UHFFFAOYSA-N,CN1CCN(c2ccc(-c3ccc(OC=[N+])cc3)cc2)CC1,44.56718348114704
CARYPGHFVVLQHE-UHFFFAOYSA-N,[B-]N1CCC(C(=O)Nc2ccccc2-c2ccc3ccccc3c2)CC1,87.19747939603012
NPKALFYBRURSBG-UHFFFAOYSA-O,CN1C[C+]=C(Nc2ccc(NC(=O)CN3CCc4ccccc4C3)cc2)CC1,128.76429552954377
UIHKPUXDHSYTNQ-UHFFFAOYSA-N,Cc1c2cccc1N(CC(=O)Nc1ccc(N3CCN(C)CC3)cc1)C2,94.82983048498993
CKTYOCNTWFIQCM-UHFFFAOYSA-N,CC(I)C(=O)Nc1ccc(-c2csc3ccccc23)cc1,80.46695046712723
COJUOLDOHMXALQ-UHFFFAOYSA-N,CN1CCC(C(=O)Nc2cc[c-]c(-c3ccccc3)c2)C1,53.16483131725185
LXDABJKYDVAHRV-UHFFFAOYSA-N,COc1cc[p+](-c2ccc(N3CCN(C)CC3)cc2)cc1,44.66746603192429
TYASQDBGNBIUHU-UHFFFAOYSA-N,CC(=O)Nc1ccc(S(=O)(=O)NCc2cc3cc(c2)OO3)cc1,87.20168621289886
XXBRELLMKNSENR-UHFFFAOYSA-N,COc1ccc(-c2ccc(NC(=O)F)cc2)cc1O,41.58520418194031
NLOYSEKPUKFTHB-UHFFFAOYSA-N,c1ccc2c(-c3ccc(N4CCCNCC4)cc3)csc2c1,24.98729648184115
NPDGBUVUMPGPDQ-UHFFFAOYSA-N,COc1ccc(NC(=O)C2C(C)CNN2C)cc1Br,39.56495530458306
WRFSWLFMOJWGCN-UHFFFAOYSA-N,CN1CCN(c2ccc(NC(=O)CN3CCc4c(ccpc4[S+])C3)cc2)CC1,89.49689918390537
PTOTVNWFIPDDFM-UHFFFAOYSA-N,CN1CCC(c2ccc(NC(=O)CN3CCc4ccccc4C3)cc2)C1,119.72730133386273
CFIILAHAFXMOCT-UHFFFAOYSA-N,CN1C[P-]CCC(C(=O)Nc2cccc(-c3ccccc3)c2)C1,85.01121209195875
FSUMBJSTVULFMZ-UHFFFAOYSA-M,CC([S-])C(=[P+])Nc1ccc(-c2csc3ccccc23)cc1,66.84703591400759
UOJBNHFJFFFEML-UHFFFAOYSA-N,CC(=O)Nc1ccc(S(=O)(=O)NCc2ccc3c(c2)OCB3)cc1,135.3444127632507
UAWOXAXFANZYOT-UHFFFAOYSA-N,CC(=O)NC1=CC=C(S(=O)(=O)NCc2ccc3c(c2)OCO3)[N-]C1,70.51485247292604
CPZLQOIVDDVCLE-UHFFFAOYSA-N,CC(=O)[P+]c1bcc(S(=O)(=O)NCc2ccc3c(c2)OCO3)cc1,109.35198865564713
ZNSBPGPIJZQUJB-UHFFFAOYSA-N,CN1CCC(C(=O)Nc2ccc(-c3ccncc3)cc2)C[P+]1,82.34692319162792
UNNUCJKLIIUREF-UHFFFAOYSA-O,CN1CCC(C(=O)Nc2cccc(-c3ccccc3)c2)C[C+]1P,69.61554057999689
LGGAVCVVPPFYKW-UHFFFAOYSA-N,COc1cnc(-c2ccc(NC(=O)C(C)C)cc2)cc1O,79.51344592722693
ZUFPQDGRTTVXJQ-UHFFFAOYSA-N,CN1CCC(CNc2ccccc2-c2ccc3ccccc3c2)CC1,64.9317676103005
SARUBEQGHSJZTN-UHFFFAOYSA-N,CC([S+])C(=[B-]=O)Nc1ccc(-c2csc3ccccc23)cc1,69.86394924861285
MRJBFSFGIHGXDL-UHFFFAOYSA-N,CN1CC(c2ccc(NC(=O)CN3CCc4ccccc4C3)cc2)CN1,93.04609015769984
KKHRWZACIBGZHA-UHFFFAOYSA-N,Cc1ccc(NC(=O)C2CCNCC2)cc1,52.015673654347125
SOWRLVJZYCDODD-UHFFFAOYSA-N,[P+]N1CCN(c2ccc(-c3csc4ccccc34)cc2)CC1,57.48953001530973
RHMGPPPBQRQBJJ-UHFFFAOYSA-N,O=C[B-]#CNc1ccc(S(=O)(=O)NCc2ccc3c(c2)OCO3)cc1,131.45282747602607
XJKHEMYLPZFEHU-UHFFFAOYSA-N,COc1ccc(-c2ccc(NC(=O)CCO)cc2)cc1O,75.73801232250325
FJCQBUPKKJGCGE-UHFFFAOYSA-N,CN1CCN(c2ccc(-c3ccc(Oc4ccccc4)nc3)cc2)CC1,95.7077853852563
OEDKLDARSZYGEU-UHFFFAOYSA-O,CN1CCC([B+]C(=O)Nc2ccc(-c3ccncc3)cc2)CC1,63.637093469509395
COKFNYGMZCLPRR-UHFFFAOYSA-N,CN1CCC(C(=O)Nc2ccc(C3=[P+]C=NC=C3)cc2)CC1,49.64381505472327
KKHDOCXYYPVSEW-UHFFFAOYSA-N,C[C-]c1ccc(-c2ccc(NC(=O)C(C)C)cc2)cc1O,71.89578972085356
ZBYALSTWIXHWSZ-UHFFFAOYSA-N,O=S(=O)(NCc1ccc2c(c1)OCO2)c1ccc(O[P-])cc1,136.87917962405578
PNFORHAZBYFPNW-UHFFFAOYSA-N,CN1CCC(C(=O)Nc2ccc(-c3ccc4ccccc4c3)cc2)C1,90.28964711053906
ZBBHZUNUOOJMSI-UHFFFAOYSA-N,Cc1pccc2c1CCN(CC(=O)Nc1ccc(N3CCN(C)C3)cc1)C2,31.03939563412234
IIXDZDZJWQBKCF-UHFFFAOYSA-N,[B+]C(CO)C(=O)Nc1ccc(-c2cccnc2)cc1,76.5361586090087
FZRRZVILZBXPLH-UHFFFAOYSA-N,COc1ccc(-c2ccc(NC(=O)C[S-](C)O)cc2)cc1O,67.92502541739663
YTVAKVMZZDFKIM-UHFFFAOYSA-N,CN1CCN(c2ccc(Cc3ccc(Oc4ccccc4)cc3)cc2)CC1,124.69770019667467
WMTZWTHJPUNHLY-UHFFFAOYSA-N,CN1CCC(C(=O)Nc2ccc(-c3ccc4cbccc4c3)cc2)CC1,84.90386140050641
WLVGQEPBBCDTKS-UHFFFAOYSA-N,COc1ccc(-c2ccc(N3CCN([N-])CC3)cc2)cc1,60.94663636429057
OVHRHOCDWQZBLO-UHFFFAOYSA-N,O=C(Nc1cccc(-c2ccccc2)c1)C1CCN(CO)CC1,103.6125656291791
DJRBXNNHHPJPTN-UHFFFAOYSA-N,CN1CC[SH]C(C(=O)Nc2ccccc2-c2ccc3ccccc3c2)CC1,60.19187305220262
DFDRGURQXNFRSW-UHFFFAOYSA-N,CN1CCN(C2=[PH]=[S-]=C(NC(=O)CN3CCc4ccccc4C3)C=C2)CC1,73.3650515656299
LROLVUNGPYLIPZ-UHFFFAOYSA-N,COc1ccc(NC(=O)C2C#CN(C)CC2)cc1Br,41.86310117524183
XNRLVRRDQMADSZ-UHFFFAOYSA-N,CC(=O)Nc1ccc(S(=O)(=O)[P+]NCc2ccc3c(c2)OCO3)cc1,97.32440971343233
DLYDHYGWUNZDSH-UHFFFAOYSA-N,CC(=O)Nc1ccc(S(=O)(=O)N=[C-]Cc2ccc3c(c2)OCO3)cc1,95.1488931275805
RHPONQFGTNIJPT-UHFFFAOYSA-N,BN1CCC(C(=O)Nc2ccc(-c3ccc4ccccc4c3)cc2)CC1,102.95268196299682
PRAJSRXKTYNWRF-UHFFFAOYSA-N,[B-]=C(Br)Nc1cccc(-c2csc3ccccc23)c1,69.57926158575206
WLJVXMFTYBWLFP-UHFFFAOYSA-N,CC(C)C(=O)Nc1cccc(-c2csc3c2C=C3)c1,43.748952061167635
SKAWJHHPSABLAN-UHFFFAOYSA-N,CC(C)C(=O)Nc1ccc(-c2cnccc2[O+])cc1,66.20237327964018
LLBYYPLNQSZRIX-UHFFFAOYSA-N,CC#[P+](C)C(=O)Nc1ccc(-c2cccnc2)cc1,62.80159578115588
CBAUKPFUCVDZRN-UHFFFAOYSA-N,CC1=CC(c2cccc(NC(=O)C3CCN(C)CC3)c2)=C1,41.598693967943575
LKMPJHVRTSAJQP-UHFFFAOYSA-N,CN1CCN(c2ccc(NC(=O)CN3CCc4ccccc4C3)cc2)C#[P-]O1,98.77361640466506
YFELCJXIWANCBC-UHFFFAOYSA-N,COc1ccc(NC(=O)C2CCNCC2)cc1Br,64.54934701428733
PFIFIWNNSGFKDW-UHFFFAOYSA-N,CC(O)Nc1ccc(-c2cccnc2)cc1,45.05859986432966
BSKJIGHVKUVQNK-UHFFFAOYSA-N,C[P-](C)C(=O)Nc1ccc(-c2csc3ccccc23)cc1,71.22728831168143
UILMAAVVMUQFJR-UHFFFAOYSA-O,CN1CCC(C(=O)Nc2cccc(C3=[C+]=CC=[N+](C)C3)c2)CC1,71.6994805069984
WHFQYXFAYMYSRA-UHFFFAOYSA-N,O=C(CS)Nc1ccc(-c2csc3ccccc23)cc1,65.56847839546084
RBPMQOMYNLPNTM-UHFFFAOYSA-N,[C-]=C(Nc1ccc(OC)c(Br)c1)C1CCN(C)CC1,68.90576310702518
MKKAWOFSXSSGSM-UHFFFAOYSA-N,O=S(=O)(NCc1ccc2c(c1)OCO2)c1ccc(CF)cc1,112.2420876855271
JWGOHZPTCFEDDV-UHFFFAOYSA-N,C[N+]1CCC(C(=O)Nc2ccc(-c3ccc4ccccc4c3)cc2)CN1,77.74648200803898
WNVCPVZXJDTDOA-UHFFFAOYSA-N,CN1CCC(C(=O)NC2=CC=C[P+]=C2c2ccc3ccccc3c2)CC1,32.23714542060348
ZXXJVJFDSPDJJX-UHFFFAOYSA-O,CN1CCC(C(=O)Nc2cccc(C3=[N+]=CC=CC3)c2)CC1,58.57950166659301
SVJXEXWCFKBUFX-UHFFFAOYSA-N,C#CB=Cc1ccc(-c2ccc(NC(=O)C3CCN(C)CC3)cc2)cc1,96.8488996205507
REWXVXMDZSMCQZ-UHFFFAOYSA-N,COc1ccc(-c2ccc(NC(=O)[P-](C)C)cc2)cc1O,54.2319948855164
VOFMMUDHEWBOGS-UHFFFAOYSA-N,BOc1ccc(NC(=O)C2CCCC2)cc1Br,88.61136245378135
PUHNFIWDJLJSCC-UHFFFAOYSA-N,BP1C(C(=O)Nc2ccc(-c3ccncc3)cc2)CCN1C,46.2728588840889
KPMIWZORERJIJV-UHFFFAOYSA-N,COc1ccc(NC(=O)C2CCN(C)[P+]C2)cc1Br,78.6324381378844
XMODCPUVQXDTMV-UHFFFAOYSA-N,CN1CCN(c2ccc(C3=CC=C(Oc4ccccc4)C3)cc2)CC1,6.786859950916222
CIJGBMIZQWFUFR-UHFFFAOYSA-N,O=C([O+])C(=O)Nc1ccc(-c2cccnc2)cc1,76.12795114822097
DDMZIBNZRURZJX-UHFFFAOYSA-N,O=C(Nc1cccc(-c2ccccc2)c1)C1CCN([P-])CC1,99.70701421705638
KNNTTZMOLQBRHG-UHFFFAOYSA-N,NC([O+])C(=O)Nc1ccc(-c2csc3ccccc23)cc1,74.7153620901808
RDHJXSARVKRBEU-UHFFFAOYSA-N,COc1ccc(-c2c[c-]c(N3CCN(C)CC3)cc2)cc1,45.39313917503434
ZDWTZGSCHNCORZ-UHFFFAOYSA-N,CC(=O)Nc1ccc(S(=O)(=O)N[P-]Cc2ccc3c(c2)OCO3)cc1,97.00594696356309
ZFLQKYJIXHODBH-UHFFFAOYSA-N,CN1CCC(C(=O)Nc2c[c-]c(-c3ccc4ccccc4c3)cc2)C1,62.82913900561115
AMEMWQFMEXQERD-UHFFFAOYSA-N,CN1CCC(C(=O)NBc2ccccc2-c2ccc3ccccc3c2)CC1,47.901813446457666
YWYGZHMCTUWYIH-UHFFFAOYSA-N,O=C(Nc1cccc(-c2ccccc2)c1)C1CCN(BO)C1,88.53178103749522
DPQGUJGWHSVKKS-UHFFFAOYSA-N,[C-]CCC([S+])C(=O)Nc1cccc(-c2csc3ccccc23)c1,87.2551498792187
UKGFLITXVDDSTB-UHFFFAOYSA-N,CSN1CCC(C(=O)Nc2ccc(C)cc2)C1,55.4973462616836
OMHRQCOBMBETKZ-UHFFFAOYSA-N,CN1CCC(C(=O)Nc2cc[c-]c(Br)c2)CC1,56.03193019293854
DSMNHMAEOJOGGF-UHFFFAOYSA-N,CN1CCC(C(=O)Nc2ccc(-c3ccncc3)cc2)[P-]C1,68.23564472564797
YOIHLMRDEPLVEI-UHFFFAOYSA-N,[B-][SH](NCc1ccc2c(c1)OCO2)c1ccc(NC(C)=O)cc1,60.407643846569506
YJYAJRBIANIVQR-UHFFFAOYSA-N,CN1CCC(C(=O)NC2=C=[S-]=C(c3ccc4ccccc4c3)C=C2)CC1,24.85059417500656
VZYJNDCGBWWQOC-UHFFFAOYSA-N,CN1CCN(c2ccc(-c3ccc(O)cc3)cc2)CC1,50.90785759701325
PVZFLOWSONPGLF-UHFFFAOYSA-N,[B+](c1ccc(Oc2ccccc2)cc1)c1ccc(N2CCOCC2)cc1,85.7258061451005
JPXIUCFUAWZESR-UHFFFAOYSA-O,C=[P+](C)C(=O)Nc1cccc(-c2csc3ccccc23)c1,73.12191169584216
REULXCHWIDCJFD-UHFFFAOYSA-N,Cc1ccc(NC(=O)C2C[O+]CCN(C)C2)cc1,59.587216566043324
ALFWIMUBRCKLSI-UHFFFAOYSA-O,O=C(Nc1cccc(-c2csc3ccccc23)c1)[P+]1=CC1,74.0464687244134
SYYDYEPTCFCSFS-UHFFFAOYSA-N,CC(=O)Nc1ccc(S(=O)(=O)NCc2ccc3c(c2)[B-]CO3)cc1,128.7831131444521
GCLGLRIEAZUHNI-UHFFFAOYSA-N,C=Cc1cc(-c2ccc(NC(=O)C3CCN(C)CC3)cc2)ccc1C,72.08141592817496
KSHIXXHWHQUCTR-UHFFFAOYSA-N,[N+]N1CCC(C(=O)Nc2ccc(-c3ccncc3)cc2)C[P+]1,82.14814690822503
AGEWBYUSCISJSS-UHFFFAOYSA-N,[B-]ON1CCC(C(=O)Nc2cccc(-c3ccccc3)c2)CC1,94.55439153899701
IYFKQVOBWDOZMI-UHFFFAOYSA-N,C#CC=Cc1ccc(-c2ccccc2NC(=O)C2CCN(C)CC2)cc1,78.58357085955613
MCKJLILZCJCCTC-UHFFFAOYSA-N,CCC(=O)Nc1ccc(-c2ccc(OC)c(O)c2)cc1,82.81094426368762
VHIDZSOVKSCTJT-UHFFFAOYSA-N,CC(I)[P+]=C(O)Nc1ccc(-c2csc3ccccc23)cc1,62.72551113889483
YFYIJDGIWXFAPI-UHFFFAOYSA-O,CN1CC[O+](c2ccc(NC(=O)CN3CCc4ccccc4C3)c[o+]2)CC1,99.81698595183715
SLXIATJPLXIXAO-UHFFFAOYSA-N,[B+]=C(ONc1ccc(OC)c(Br)c1)C1CCN(C)CC1,41.7986756121455
PHBJZSMVSNEZMM-UHFFFAOYSA-N,[C+][B-](c1ccc(NC(=O)C2CCN(C)CC2)cc1)c1ccc2ccccc2c1,88.12587927684109
BGVSROYZUAJLNJ-UHFFFAOYSA-O,CN1[B+]CC(C(=O)Nc2ccc(-c3ccncc3)cc2)CC1,83.60902305743386
PAWHBEPGPHOHMK-UHFFFAOYSA-N,[CH-]c1ccc(NC(=O)C2CCN(C)CC2)cc1Br,66.67950849524098
RLPQCNSYBBTOPD-UHFFFAOYSA-N,[B-]c1c(CNS(=O)(=O)c2ccc(NC(C)=O)cc2)ccc2c1OCO2,106.29724165155598
DVYPDVJPTKMNQL-UHFFFAOYSA-N,Cc1ccc(NC(=O)C2CCN(C)CN2)cc1,24.377777737726348
CEESHEKQHCZDGV-UHFFFAOYSA-N,CN1CCC(C(=O)Nc2ccccc2-c2ccc3c(c2)[N+]=CC=C3)CC1,46.66344638932188
VDSJJJXJCKOUEX-UHFFFAOYSA-N,[B-]C(O)C(=O)Nc1ccc(-c2cccnc2)cc1,74.81186337869346
CBLHZWGGIHFCKO-UHFFFAOYSA-N,COc1ccc(NC(=O)C2CCCNCC2)cc1Br,55.11654629744058
ZDNCCXUQIXXFCY-UHFFFAOYSA-N,[C+]N1CCN(c2ccc(NC(=O)CN3CCc4ccccc4C3)cc2)CC1,152.00723601813203
SCONCZCGAPXNJO-UHFFFAOYSA-O,CN1CCN(c2ccc(NC(=O)C[B+]N3Cc4ccccc4C3)cc2)C1,46.59731607575194
BIKSSSNVARPFTK-UHFFFAOYSA-N,CCOc1ccc(-c2ccc(N3CCN(C)CC3)cc2)cc1,81.24673679240706
DIZABNVZXQQYQF-UHFFFAOYSA-N,CN1CCC(C(=O)Nc2ccc(Sc3cccccccnc3)cc2)CC1,99.31483924194286
UCDAXMXWAWNXQI-UHFFFAOYSA-N,CC(=O)Nc1ccc(S(=O)(=O)N[C-]Cc2ccc3c(c2)OCO3)cc1,98.1529923191705
WHCHLYKFHMNENZ-UHFFFAOYSA-N,[B-]1CCN(c2ccc(-c3ccc(Oc4ccccc4)cc3)cc2)CC1,85.94127350336632
XZYZSNLZFRENKC-UHFFFAOYSA-N,C[P+](Cl)C(=O)Nc1cccc(-c2csc3ccccc23)c1,75.22890796816007
QRLSUFPFIXDLPF-UHFFFAOYSA-N,CN1CCC(C(=O)Nc2ccc([O+]c3ccc4ccccc4c3)cc2)CC1,89.22449445004278
MFMDHPZUXJUVMP-UHFFFAOYSA-N,CN1CCC(C(=O)Nc2cccc(C3=CC=CC[C-]3)c2)CC1,56.99429670607776
PNHDBHJLXRDNME-UHFFFAOYSA-N,CN1[B-]CCC(C(=O)Nc2cccc(-c3ccccc3)c2)CC1,91.6781737064317
NUGWETGGLJLNOS-UHFFFAOYSA-N,O=C(Nc1ccccc1-c1ccc2ccccc2c1)C1CC=NCCC1,45.42276454625324
JIVBTOSFWGROIG-UHFFFAOYSA-O,C[S+]1C[S+](N)=CN1c1ccc(NC(=O)CN2CCc3ccccc3C2)cc1,118.87795230963356
LRPPSQUJZWZOPV-UHFFFAOYSA-N,[N-]C(S)C(=O)Nc1ccc(-c2csc3ccccc23)cc1,67.98909407331445
IEZPVLVPQWGOMX-UHFFFAOYSA-N,CC=Cc1cc(-c2ccccc2NC(=O)C2CCN(C)CC2)ccc1Cl,66.67267554003796
LGYBBRHOIOSRAH-UHFFFAOYSA-N,CN1CCN(c2ccc(NC(=O)[C-]CN3CCc4ccccc4C3)cc2)CC1,98.2913876076484
KFXZZARGRYBVKU-UHFFFAOYSA-N,O=C(Nc1ccccc1-c1ccc2ccccc2c1)C1CCCCC1,102.52449362839074
RAEWNZLSYPIXJD-UHFFFAOYSA-N,CN1CCN(c2ccc(NC(=O)CN3Cc4ccccc4CC3N=[N+])cc2)CC1,99.79795935050632
NUKBPBKHEVEACU-UHFFFAOYSA-N,COc1ccc(NC(=O)C2CCCC2)cc1Br,106.11640064331131
OKSRODGXPVBORS-UHFFFAOYSA-N,CN1CCN(c2ccc(-c3ccc(OS)cc3)cc2)CC1,26.985854621268356
PTNYWPFIQDUIOM-UHFFFAOYSA-N,BN1CCC(C(=O)Nc2ccc(-c3ccc4ccccc4c3)cc2)C1,91.97920241416587
NAAKQAFKDVFHAR-UHFFFAOYSA-N,Cc1ccc(NC(=O)C2[C-]CN(C)CC2)cc1,48.015477641167976
SOPSVDLJDNYAJA-UHFFFAOYSA-N,CC(=O)NNc1ccc(-c2csc3ccccc23)cc1,72.51723814714903
XAQGXUAIBPEQTK-UHFFFAOYSA-N,CN1CCC(C(=O)Nc2ccc(-c3ccc4c(c3)C4)cc2)C1,41.7230064448043
LLUOEQWTVSNICD-UHFFFAOYSA-N,O=[S+][B-]Nc1ccc(S(=O)(=O)NCc2ccc3c(c2)OCO3)cc1,139.65360039951818
OJPYQXGJQDVYDH-UHFFFAOYSA-N,CN1CCN(c2ccc(-c3ccc(Oc4ccccc4)cc3)cc2)[O+]C1,78.76048133583545
CZZZAQIBVXXNRC-UHFFFAOYSA-N,CN1CCC(C(=O)Nc2ccccc2)CC1,78.12521584670968
UWEBOSLFYIEHRY-UHFFFAOYSA-N,CN1CCC(C(=O)Nc2ccc(-c3ccncc3I)cc2)CC1,84.55804082498139
SYOIUABNCATFQU-UHFFFAOYSA-N,COc1ccc(-c2ccc(NC(=O)C(C)I)cc2)cc1O,65.77426809509532
BBTHHGMYSXGDHG-UHFFFAOYSA-N,CC(C)C(=O)Nc1c[c-]c(-c2csc3ccccc23)cc1,73.16536517110747
ZXWIODNZBVLHSW-UHFFFAOYSA-N,CN1CCC(C(=O)Nc2cccc(-c3ccccc3)c2)C#[P-]1,53.768183311281255
SEJBCLXTHORBLC-UHFFFAOYSA-N,CC(=[N+])[S-]C(=O)Nc1cccc(-c2csc3ccccc23)c1,76.41139768376377
BPAGAWRXWLBDGH-UHFFFAOYSA-N,C[N+]=C[C-]=[S-]C(=O)Nc1cccc(-c2csc3ccccc23)c1,75.79540358688416
FNTGNORLAOTLHG-UHFFFAOYSA-N,CC(O)C(=O)Nc1ccc(-c2cccnc2)cc1,73.63883695420697
RRJIDQWVWFKNLY-UHFFFAOYSA-N,[B+](C[O+]c1ccc(N2CCOCC2)cc1)c1ccc(Oc2ccccc2)cc1,88.12529048573558
OFOGMKKMBYWJCE-UHFFFAOYSA-N,COc1ccc(-c2ccc(NC(C)=O)cc2)cc1O,69.78920490756532
VHRZPACRFBDDDF-UHFFFAOYSA-N,CC1CCC(C(=O)Nc2ccccc2-c2ccc3ccccc3c2)C1,70.30955496503248
USBLKRGIRHLJOK-UHFFFAOYSA-N,COc1ccc(-c2ccc(N3CCNCC3)cc2)cc1,39.769092115799126
CUMIISVWQGGIRE-UHFFFAOYSA-N,CC(=S)C(=O)Nc1ccc(-c2cccnc2)cc1,74.50451110568564
PANDKYBSRSEUFJ-UHFFFAOYSA-N,B#CC(=O)Nc1cccc(-c2csc3ccccc23)c1,79.00815571928344
OAEWTJIGUXGIMW-UHFFFAOYSA-N,CN1CC(C(=O)Nc2cccc(-c3ccccc3)c2)CC1P,42.23512861568147
FEHVSVCPKOAXRG-UHFFFAOYSA-N,COc1ccc(-c2ccc(NC(=O)CCI)cc2)cc1O,81.55747113480837
FEMDSEGBKRJMAD-UHFFFAOYSA-N,CN1CCC(C(=O)Nc2cccc(C3=C=[C-][P+]C[C-]3)c2)CC1,66.89483738080138
XGRPPUZJLBWAME-UHFFFAOYSA-N,CN1CCC(C(=O)NC2CC=C2c2ccc3ccccc3c2)CC1,36.787763312360305
DSHCDNVSWBJZDQ-UHFFFAOYSA-N,[B+][C-]N1CCN(c2ccc(-c3ccc(OC)cc3)cc2)CC1,60.7094791648299
BTFMECCPUUHXPK-UHFFFAOYSA-N,[N+]=CCC(=O)Nc1cccc(-c2csc3ccccc23)c1,84.451685775615
AHXYUFFLSMVMHD-UHFFFAOYSA-N,Cc1ccc(NC(=O)C2CCN(C)CC2[O+])cc1,54.366047828295166
FIGGSFQYDQNYFA-UHFFFAOYSA-N,CN1CCC(C(=O)Nc2cccc(-c3ccccc3)c2)CN1,58.28108878924217
WRVMXWDSVLRRGT-UHFFFAOYSA-N,CN1CCC(C(=O)Nc2ccc(OBr)cc2)CC1,59.69435173513712
MVADQMYOKNNZCX-UHFFFAOYSA-N,CC1=CC(c2cccc(NC(=O)C3CCN(C)CC3)c2)=[C-]1,74.12279392562786
XGIQFOFSEXMOTC-UHFFFAOYSA-N,Cc1ccc(NC(=O)C2CCN(C)C2)cc1,70.83184635347314
XKRQLCCPWFBJBP-UHFFFAOYSA-N,[c-]1cc(N2CCOCC2)ccc1-c1ccc(Oc2ccccc2)cc1,78.80424165485431
NTXRBMKMFWPELM-UHFFFAOYSA-N,CN1CCC(C(Nc2ccc(-c3ccncc3)cc2)=[P-]=[P+])CC1,63.25196310876817
BWUAUQDNBCPLQM-UHFFFAOYSA-N,COc1ccc(NC(=O)C2CCCNC2)cc1Br,55.90700831039303
BYNMISMQVOETLG-UHFFFAOYSA-N,CC(=O)NC1=[S+]=C(S(=O)(=O)NCc2ccc3c(c2)OCO3)C=C1,91.28715524621936
UHSBUJYANYSQTM-UHFFFAOYSA-N,CC1[B-]CN(c2ccc(NC(=O)CN3CCc4ccccc4C3)cc2)C1,127.36706534093815
BXDUFYGTBQUHBO-UHFFFAOYSA-N,C[B+]c1ccc(-c2ccc(N3CCN(C)CC3)cc2)cc1,40.713735747532965
GASAAKVDYGKWNF-UHFFFAOYSA-N,CN1CCC(C(=O)Nc2ccccc2-c2ccc3c(c2)[P-]=C3)CC1,62.818055046539854
QMMTUWQICIWPSO-UHFFFAOYSA-N,CN1CCC(C(=O)Nc2ccccc2-c2ccc3c(c2)C=CC[P+]3)CC1,55.11177494949341
JPCNYPUCLAQEIN-UHFFFAOYSA-N,CC1CC(C(=O)Nc2ccccc2-c2ccc3ccccc3c2)C[S+]1,65.34342318821922
HSXKPPKSSONIIN-UHFFFAOYSA-M,[N-]=C[N-]c1ccc(NC(=O)CN2CCc3ccccc3C2)cc1,121.30391325383319
BDHYELDXSJCPFU-UHFFFAOYSA-N,CNc1cccc(-c2csc3ccccc23)c1,56.49425166553669
JXZOIVJHGHTUDK-UHFFFAOYSA-N,CCc1ccc(-c2ccc(NC(=O)C(C)C)cc2)cc1O,81.78460996098595
XVXLLXNLXUKFGU-UHFFFAOYSA-N,[N+]N1CCC(C(=O)Nc2cccc(-c3ccccc3)c2)CC1,101.54720819548947
LEOUJLVEARNRQM-UHFFFAOYSA-N,COc1ccc(NC(=O)C2C[P-]CCN(C)C2)cc1Br,75.89998453218767
VKKWRJSUQQBYCE-UHFFFAOYSA-O,C[p+]1cc(S(=O)(=O)NCc2ccc3c(c2)OCO3)ccc1NC(N)=O,111.56451213645092
RZSCPWZIWMFJNJ-UHFFFAOYSA-N,CC(C)C(=O)Nc1ccc(-c2ccc([S+])nc2)cc1,75.22442103482182
OQGQYIIHMMKPEL-UHFFFAOYSA-N,CN1CCC(C(=O)Nc2cccc(-c3ccccc3)c2)C#S1,47.367331094883944
OYNFCHWICNRNTR-UHFFFAOYSA-N,CN1CCC(C(=O)Nc2ccc(-c3ccncc3)cc2)C1,91.5822056230781
NQUPNPOHVKSLMG-UHFFFAOYSA-N,COc1ccc(NC(=O)C2CCN(C)[P-]C2)cc1Br,78.6324381378844
LSFJNEHAUCDYKX-UHFFFAOYSA-N,CN1CCC(C(=O)Nc2ccc(Cl)cc2)C1,70.94647009736727
YJFDCPJQMYBXTH-UHFFFAOYSA-N,BC=CC=Cc1ccc(-c2ccc(NC(=O)C3CCN(C)CC3)cc2)cc1,100.34096885565248
STIWFVDZMIFIES-UHFFFAOYSA-N,CN1CCC(C(=O)Nc2ccccc2-c2cccc(C=CC=[P+])c2)CC1,79.21394827555906
YXVHPHDOYUNSRB-UHFFFAOYSA-O,O=C(Nc1cccc(-c2ccccc2)c1)C1CCN([O+])[C+](P)C1,69.41676429659398
HMEXMGPRFVMEIB-UHFFFAOYSA-N,CN1CCC(C(=O)Nc2ccc(-c3ccnc([O+])c3)cc2)C1,71.16413510695102
OWGBRBDZOKABIN-UHFFFAOYSA-N,O=C(CN1CCc2ccccc2C1)Nc1ccc(N2CCNCC2)cc1,127.80474601282324
FUMUFODERBHZQL-UHFFFAOYSA-N,CN1COCCC(C(=O)Nc2ccc(-c3ccc4ccccc4c3)cc2)C1,76.16388251845436
KEQWHKVQRISBPX-UHFFFAOYSA-N,CCCC(=O)Nc1cccc(-c2csc3ccccc23)c1,110.08276053983285
NCFCTKUOJNZVKT-UHFFFAOYSA-N,C[P-]C(=O)Nc1ccc(-c2csc3ccccc23)cc1,70.08024295607403
XHWAPTJZWGXKEG-UHFFFAOYSA-N,C[P-](C)([P+])C(=O)Nc1cccc(-c2csc3ccccc23)c1,75.68723993761904
IFQDLQCFICOZJN-UHFFFAOYSA-N,O=C(Nc1ccc(-c2ccc3ccccc3c2)cc1)C1CCSC1,77.5673797872586
ARCTYEJOVMOBEH-UHFFFAOYSA-N,CC([N-])[P-]C(=[N-])Nc1ccc(-c2csc3ccccc23)cc1,68.07899639805431
